contract_id,account_id,total_contract_value,monthly_payment_amount,payment_status,vendor_code,product_category,payment_method,delinquency_cycle,underwriter_id,collateral_value,interest_rate
CON-5000,ACC-1283,$90255,4043,Paid,VNDR_A,FLEET_TRUCK,Credit Card,60,UW_45,43000,6.3%
CON-5001,ACC-1365,139683,1145,CURRENT,vndr_c,Fleet_Car,ACH,30,UW_45,35k,0.076
CON-5002,ACC-1144,129755,2386, Paid ,VNDR_B,Equipment,ACH,60,UW_99,154000,4.7%
CON-5003,ACC-1464,$101426,3268,Current,VNDR_B,Fleet_Car,Credit Card,60,UW_102,118k,0.073
CON-5004,ACC-1416,$117749,1323,Paid,vndr_c,Equipment,ACH,90,UW_45,41k,0.057
CON-5005,ACC-1248,$109851,1586,Current,vndr_a,Fleet_Car,ACH,60,UW_99,99k,0.05
CON-5006,ACC-1067,148087,3246, Paid ,vndr_a,Fleet_Car,Credit Card,,UW_99,154k,0.055
CON-5007,ACC-1145,$129733,3881,Paid,vndr_b,Fleet_Car,Credit Card,60,UW_102,113000,5.1%
CON-5008,ACC-1270,65860,2514,Current,vndr_a,Equipment,Credit Card,60,UW_99,132k,5.3%
CON-5009,ACC-1042,140983,3925,Current,VNDR_B,FLEET_TRUCK,Credit Card,90,UW_99,46000,6.3%
CON-5010,ACC-1191,73205,1765, Paid ,VNDR_A,FLEET_TRUCK,Credit Card,0,UW_102,109000,5.9%
CON-5011,ACC-1424,40974,2735,Paid,vndr_a,Equipment,Autopay,90,UW_45,105000,4.6%
CON-5012,ACC-1372,16376,3293,CURRENT,vndr_b,Fleet_Car,Autopay ,30,UW_102,24k,0.078
CON-5013,ACC-1428,$46941,2847,CURRENT,VNDR_C,Fleet_Car,Credit Card,30,UW_102,127000,6.8%
CON-5014,ACC-1043,$127522,2944,past due,VNDR_A,Equipment,ACH,90,UW_102,110k,0.059
CON-5015,ACC-1176,26412,1787,Paid,vndr_c,Equipment,ACH,,UW_45,115k,0.041
CON-5016,ACC-1398,$102167,3604, Paid ,vndr_c,FLEET_TRUCK,Credit Card,30,UW_99,110000,7.7%
CON-5017,ACC-1477,$134977,2070,CURRENT,vndr_b,Equipment,Autopay,60,UW_99,71k,4.9%
CON-5018,ACC-1188,65096,2589, Paid ,vndr_c,FLEET_TRUCK,Autopay,60,UW_99,32000,5.5%
CON-5019,ACC-1372,145076,2538,Past Due,vndr_b,Equipment,Credit Card,,UW_102,114000,0.063
CON-5020,ACC-1218,$99203,1482,Paid,vndr_b,FLEET_TRUCK,Autopay,0,UW_45,103000,0.054
CON-5021,ACC-1038,107421,3549,Paid,vndr_b,FLEET_TRUCK,Credit Card,0,UW_99,131k,0.084
CON-5022,ACC-1486,$129864,3123,Past Due,VNDR_C,Fleet_Car,Autopay,60,UW_102,37k,6.9%
CON-5023,ACC-1127,131376,1264,Past Due,vndr_c,Fleet_Car,Autopay,,UW_102,55000,0.058
CON-5024,ACC-1355,45870,2811,Current,VNDR_A,Fleet_Car,ACH,90,UW_99,86000,0.05
CON-5025,ACC-1148,131683,4450,past due,vndr_a,Equipment,Credit Card,60,UW_45,101000,0.072
CON-5026,ACC-1184,$73783,3069,CURRENT,VNDR_B,FLEET_TRUCK,Credit Card,,UW_99,71000,5.1%
CON-5027,ACC-1037,32235,1313,past due,vndr_c,Fleet_Car,Autopay,90,UW_45,142000,0.075
CON-5028,ACC-1444,$105312,1026,Past Due,VNDR_C,Fleet_Car,Autopay ,30,UW_99,66000,0.046
CON-5029,ACC-1433,99583,1123,past due,vndr_a,Equipment,Autopay ,30,UW_45,77k,0.082
CON-5030,ACC-1078,94383,1501,Paid,VNDR_C,Equipment,Autopay ,,UW_99,43000,0.048
CON-5031,ACC-1327,$22437,924, Paid ,vndr_c,Equipment,Autopay ,60,UW_102,87000,7.5%
CON-5032,ACC-1225,79193,2502, Paid ,vndr_b,Fleet_Car,Autopay ,,UW_99,123k,4.3%
CON-5033,ACC-1066,96941,3915,past due,VNDR_C,Equipment,ACH,60,UW_99,101000,0.079
CON-5034,ACC-1196,$137282,4339,CURRENT,vndr_b,Fleet_Car,Credit Card,60,UW_45,135k,4.4%
CON-5035,ACC-1157,$96976,2837,Past Due,VNDR_A,FLEET_TRUCK,Autopay,30,UW_99,60k,6.3%
CON-5036,ACC-1240,$107509,1970,CURRENT,VNDR_A,Fleet_Car,Autopay,30,UW_102,92k,0.08
CON-5037,ACC-1185,110886,3066,past due,VNDR_A,FLEET_TRUCK,Autopay,,UW_102,113k,0.042
CON-5038,ACC-1480,$46145,2297,Current,vndr_a,Equipment,Autopay,,UW_99,44k,7.6%
CON-5039,ACC-1457,$26876,2911,Current,VNDR_B,Equipment,Autopay ,30,UW_102,105000,6.3%
CON-5040,ACC-1153,93442,2745,Past Due,VNDR_B,FLEET_TRUCK,ACH,90,UW_45,149000,0.064
CON-5041,ACC-1497,95655,3979,CURRENT,VNDR_C,Fleet_Car,ACH,,UW_102,26000,0.052
CON-5042,ACC-1485,59698,3669,Past Due,vndr_a,Fleet_Car,Autopay,60,UW_102,117k,7.1%
CON-5043,ACC-1446,54696,4274,Paid,vndr_c,Fleet_Car,Credit Card,,UW_99,72k,0.075
CON-5044,ACC-1467,100209,2983,past due,VNDR_C,FLEET_TRUCK,Autopay ,,UW_102,142000,5.4%
CON-5045,ACC-1152,65400,3958,past due,vndr_c,Fleet_Car,Autopay,60,UW_102,91000,0.05
CON-5046,ACC-1458,106436,2416,past due,vndr_a,FLEET_TRUCK,ACH,60,UW_45,90k,0.066
CON-5047,ACC-1423,35717,3006,past due,VNDR_C,Equipment,Autopay ,30,UW_99,133000,7.4%
CON-5048,ACC-1169,77726,3738, Paid ,VNDR_A,Equipment,Credit Card,0,UW_45,155k,5.0%
CON-5049,ACC-1164,56403,1969,Paid,VNDR_A,Fleet_Car,Credit Card,,UW_45,141k,0.049
CON-5050,ACC-1018,24777,4225, Paid ,vndr_b,Fleet_Car,Autopay ,0,UW_99,64k,0.078
CON-5051,ACC-1328,93221,3025,CURRENT,vndr_b,Fleet_Car,Autopay,60,UW_99,47000,5.5%
CON-5052,ACC-1172,44529,4038,past due,VNDR_C,Equipment,Credit Card,30,UW_45,137000,7.2%
CON-5053,ACC-1071,121296,2755,past due,vndr_a,Fleet_Car,Autopay ,90,UW_99,151k,5.8%
CON-5054,ACC-1334,132109,2272,Paid,vndr_a,Fleet_Car,ACH,90,UW_102,104k,7.3%
CON-5055,ACC-1353,56868,1280,Paid,VNDR_B,FLEET_TRUCK,Credit Card,30,UW_99,148000,0.08
CON-5056,ACC-1275,$140352,4084,Paid,vndr_a,Fleet_Car,ACH,,UW_102,115k,6.5%
CON-5057,ACC-1293,$109839,2998,Current,vndr_a,FLEET_TRUCK,Autopay,0,UW_45,48k,0.065
CON-5058,ACC-1232,68844,1340,CURRENT,vndr_b,FLEET_TRUCK,ACH,,UW_102,145k,0.063
CON-5059,ACC-1037,95784,985, Paid ,VNDR_B,Equipment,ACH,,UW_99,121k,4.0%
CON-5060,ACC-1392,33092,3427,Paid,vndr_c,FLEET_TRUCK,Autopay ,90,UW_102,140k,0.058
CON-5061,ACC-1275,113958,2409,CURRENT,vndr_a,Equipment,Credit Card,0,UW_99,158k,7.9%
CON-5062,ACC-1235,93214,2217,Current,VNDR_B,Fleet_Car,ACH,0,UW_45,159k,5.7%
CON-5063,ACC-1228,124901,3248,Paid,vndr_c,Fleet_Car,Credit Card,0,UW_102,24k,0.043
CON-5064,ACC-1148,130071,1759,Paid,VNDR_C,FLEET_TRUCK,Autopay ,30,UW_102,75000,7.5%
CON-5065,ACC-1485,52554,3223,Paid,vndr_a,Equipment,Autopay,,UW_102,153k,5.4%
CON-5066,ACC-1076,27290,2028, Paid ,vndr_a,Equipment,Autopay,30,UW_99,117000,5.4%
CON-5067,ACC-1495,93836,2506,CURRENT,VNDR_C,Fleet_Car,Autopay,30,UW_102,56000,0.081
CON-5068,ACC-1370,68303,4197,Current,VNDR_A,FLEET_TRUCK,Autopay,,UW_45,40000,7.8%
CON-5069,ACC-1111,25367,2763,Current,VNDR_B,FLEET_TRUCK,ACH,30,UW_99,68000,0.066
CON-5070,ACC-1203,45753,1780,CURRENT,VNDR_B,FLEET_TRUCK,Autopay,90,UW_45,142000,0.071
CON-5071,ACC-1369,109177,2723,past due,vndr_a,FLEET_TRUCK,Autopay ,90,UW_99,112000,6.2%
CON-5072,ACC-1213,73005,2009,Current,vndr_a,FLEET_TRUCK,Credit Card,90,UW_45,24k,0.082
CON-5073,ACC-1328,79416,3829, Paid ,vndr_b,Fleet_Car,Autopay ,30,UW_99,106k,0.077
CON-5074,ACC-1429,$143009,4268,Past Due,vndr_c,Fleet_Car,ACH,90,UW_99,158000,0.083
CON-5075,ACC-1316,$75668,3412,Paid,VNDR_C,FLEET_TRUCK,Autopay,0,UW_99,58k,6.3%
CON-5076,ACC-1257,$122829,4130,Paid,vndr_c,FLEET_TRUCK,Credit Card,0,UW_99,155000,6.4%
CON-5077,ACC-1040,54032,2328, Paid ,vndr_b,Equipment,Credit Card,30,UW_102,154k,0.056
CON-5078,ACC-1028,36133,3408,Past Due,vndr_c,Fleet_Car,ACH,90,UW_102,28k,0.057
CON-5079,ACC-1461,101840,4355,Paid,VNDR_C,FLEET_TRUCK,Autopay ,0,UW_99,44000,8.1%
CON-5080,ACC-1106,88498,3204,Current,vndr_c,FLEET_TRUCK,ACH,60,UW_99,28k,7.8%
CON-5081,ACC-1378,78038,1373,Paid,vndr_c,Fleet_Car,Autopay ,0,UW_99,119000,6.4%
CON-5082,ACC-1203,129580,3968,past due,VNDR_A,Equipment,Autopay ,90,UW_102,39k,0.075
CON-5083,ACC-1043,74805,3962,CURRENT,VNDR_B,Fleet_Car,ACH,0,UW_102,116k,0.071
CON-5084,ACC-1002,55428,2062, Paid ,VNDR_B,FLEET_TRUCK,ACH,30,UW_99,59000,5.4%
CON-5085,ACC-1047,64123,3245,CURRENT,VNDR_B,FLEET_TRUCK,ACH,60,UW_102,151k,4.1%
CON-5086,ACC-1071,116659,1901,past due,VNDR_B,FLEET_TRUCK,Credit Card,0,UW_99,82000,4.8%
CON-5087,ACC-1126,128947,3752,Paid,vndr_b,Equipment,Credit Card,90,UW_99,96k,4.3%
CON-5088,ACC-1168,50517,2603,past due,vndr_b,Equipment,Credit Card,60,UW_102,121k,0.068
CON-5089,ACC-1355,67652,3392, Paid ,VNDR_C,Fleet_Car,Autopay ,90,UW_102,65000,8.4%
CON-5090,ACC-1281,118005,910,Paid,vndr_b,Equipment,Credit Card,90,UW_102,71000,0.065
CON-5091,ACC-1129,33129,3497,Current,vndr_c,FLEET_TRUCK,Autopay,0,UW_102,124000,4.6%
CON-5092,ACC-1278,140628,950,past due,vndr_c,Equipment,ACH,0,UW_99,156000,0.081
CON-5093,ACC-1495,$108063,3882,past due,vndr_b,Fleet_Car,ACH,0,UW_102,31000,0.069
CON-5094,ACC-1191,73196,2402, Paid ,vndr_c,Equipment,Credit Card,60,UW_99,152000,7.1%
CON-5095,ACC-1373,$141555,1380,past due,VNDR_B,FLEET_TRUCK,Autopay,30,UW_45,126000,0.044
CON-5096,ACC-1153,141596,983,Paid,VNDR_A,Fleet_Car,Autopay ,0,UW_45,44k,7.1%
CON-5097,ACC-1218,58084,2692,Current,vndr_b,Equipment,Credit Card,30,UW_45,82000,6.5%
CON-5098,ACC-1109,128281,1642,past due,vndr_c,Fleet_Car,ACH,,UW_99,70k,5.9%
CON-5099,ACC-1494,110890,3417,past due,VNDR_C,FLEET_TRUCK,Autopay,,UW_99,137k,7.0%
CON-5100,ACC-1152,106206,3316,CURRENT,VNDR_A,Equipment,Credit Card,60,UW_99,137000,0.077
CON-5101,ACC-1305,77540,1364,CURRENT,vndr_b,FLEET_TRUCK,Credit Card,90,UW_45,66k,4.6%
CON-5102,ACC-1317,60412,1019,past due,VNDR_A,FLEET_TRUCK,Credit Card,30,UW_102,145k,0.048
CON-5103,ACC-1250,147497,1485,Past Due,VNDR_C,Fleet_Car,Credit Card,60,UW_99,124000,0.059
CON-5104,ACC-1392,87051,2828,CURRENT,VNDR_C,Fleet_Car,ACH,60,UW_45,93k,0.061
CON-5105,ACC-1217,111170,1219,Paid,vndr_c,Fleet_Car,Autopay ,0,UW_102,30000,6.0%
CON-5106,ACC-1121,83895,1659,Paid,VNDR_C,Equipment,Autopay ,,UW_45,42k,0.085
CON-5107,ACC-1291,$127241,2236,CURRENT,VNDR_B,Equipment,Credit Card,60,UW_45,55000,0.077
CON-5108,ACC-1417,91712,1190,Current,vndr_b,Fleet_Car,Autopay ,30,UW_45,88000,0.063
CON-5109,ACC-1250,49784,1382,CURRENT,vndr_c,FLEET_TRUCK,Autopay,90,UW_102,102000,0.074
CON-5110,ACC-1449,34796,2311, Paid ,vndr_b,FLEET_TRUCK,ACH,0,UW_45,43k,0.074
CON-5111,ACC-1495,135179,2559,Current,vndr_b,FLEET_TRUCK,Autopay ,60,UW_102,111000,7.6%
CON-5112,ACC-1023,49234,1207,Paid,vndr_b,Fleet_Car,ACH,30,UW_102,144000,0.08
CON-5113,ACC-1332,$134673,2036,Current,VNDR_B,Fleet_Car,Autopay ,60,UW_99,129k,7.1%
CON-5114,ACC-1386,112476,1759, Paid ,vndr_c,Fleet_Car,ACH,0,UW_99,62k,0.068
CON-5115,ACC-1175,$139992,4146,Past Due,vndr_b,Equipment,Credit Card,90,UW_99,77000,6.0%
CON-5116,ACC-1195,75017,3968,Current,vndr_c,Equipment,Credit Card,0,UW_45,46k,5.7%
CON-5117,ACC-1077,17221,2486,CURRENT,vndr_c,FLEET_TRUCK,Credit Card,0,UW_99,62k,0.073
CON-5118,ACC-1126,51703,1934,Paid,VNDR_A,Fleet_Car,Autopay ,0,UW_45,118k,0.059
CON-5119,ACC-1401,94075,4477,Current,vndr_b,FLEET_TRUCK,ACH,30,UW_102,150k,0.058
CON-5120,ACC-1440,33615,4236,CURRENT,vndr_b,FLEET_TRUCK,Credit Card,90,UW_99,23000,8.2%
CON-5121,ACC-1404,19375,2430,CURRENT,VNDR_B,Equipment,Autopay,90,UW_45,23k,4.2%
CON-5122,ACC-1040,$120454,2894,Current,vndr_a,Equipment,Autopay ,90,UW_45,157000,4.7%
CON-5123,ACC-1044,32331,2579,Past Due,vndr_b,Equipment,ACH,60,UW_45,131000,7.8%
CON-5124,ACC-1267,$61044,2918,Paid,VNDR_B,Fleet_Car,Autopay ,30,UW_45,55000,0.047
CON-5125,ACC-1139,85454,2945,Past Due,VNDR_B,Equipment,ACH,90,UW_102,50000,0.041
CON-5126,ACC-1395,148898,1221,CURRENT,vndr_c,Equipment,ACH,30,UW_45,147000,4.8%
CON-5127,ACC-1076,$148385,1533,Past Due,VNDR_C,Equipment,Autopay,30,UW_102,23k,6.1%
CON-5128,ACC-1257,80080,3557,Past Due,vndr_a,Fleet_Car,ACH,90,UW_99,101k,4.4%
CON-5129,ACC-1102,136921,1994,CURRENT,VNDR_B,Equipment,Credit Card,90,UW_102,99k,6.5%
CON-5130,ACC-1077,144331,826, Paid ,VNDR_A,Fleet_Car,Autopay ,0,UW_102,70000,0.065
CON-5131,ACC-1271,15383,1775, Paid ,vndr_b,Fleet_Car,Credit Card,60,UW_99,116000,7.3%
CON-5132,ACC-1382,26508,1147,CURRENT,VNDR_A,Equipment,Credit Card,90,UW_99,153k,8.0%
CON-5133,ACC-1410,31327,2409,Paid,vndr_c,FLEET_TRUCK,Autopay ,90,UW_102,53k,5.2%
CON-5134,ACC-1054,$76239,1473, Paid ,vndr_b,FLEET_TRUCK,Autopay,0,UW_45,71k,7.5%
CON-5135,ACC-1046,108922,1445,Paid,VNDR_B,Equipment,ACH,30,UW_102,73k,0.061
CON-5136,ACC-1153,$53882,1865,Current,VNDR_A,FLEET_TRUCK,Autopay,,UW_45,83000,5.8%
CON-5137,ACC-1425,$80497,3998,Current,vndr_a,Fleet_Car,Autopay,60,UW_45,46000,4.6%
CON-5138,ACC-1101,37030,4496,Paid,vndr_b,Fleet_Car,ACH,60,UW_99,86000,0.043
CON-5139,ACC-1202,26192,2832,Past Due,vndr_b,Equipment,Autopay,30,UW_102,32k,0.066
CON-5140,ACC-1317,71286,3327,Current,vndr_c,FLEET_TRUCK,Autopay,90,UW_45,90k,8.0%
CON-5141,ACC-1408,$140575,2953,Current,vndr_c,Equipment,ACH,90,UW_45,91k,0.059
CON-5142,ACC-1138,109139,1536,Past Due,VNDR_B,Equipment,Credit Card,0,UW_102,144k,6.5%
CON-5143,ACC-1498,30359,1453,Past Due,vndr_a,Equipment,Credit Card,60,UW_45,140000,0.075
CON-5144,ACC-1478,29656,4237,Current,vndr_a,Fleet_Car,Autopay ,60,UW_45,76000,8.4%
CON-5145,ACC-1096,22394,4227, Paid ,VNDR_C,FLEET_TRUCK,Credit Card,90,UW_99,110000,0.065
CON-5146,ACC-1314,$38660,1625,Current,VNDR_B,Equipment,Credit Card,60,UW_99,76k,6.2%
CON-5147,ACC-1491,$20744,1097,past due,vndr_c,Equipment,Autopay,,UW_99,56000,0.078
CON-5148,ACC-1327,103227,2795,Paid,VNDR_B,Fleet_Car,Autopay ,30,UW_45,54000,7.3%
CON-5149,ACC-1485,60967,3146, Paid ,VNDR_C,Fleet_Car,Credit Card,,UW_102,95k,0.073
CON-5150,ACC-1121,72906,2220,past due,vndr_a,Equipment,ACH,60,UW_102,46000,0.046
CON-5151,ACC-1368,17987,805,Past Due,vndr_b,FLEET_TRUCK,Autopay,30,UW_102,83000,0.056
CON-5152,ACC-1442,144258,3167,Paid,vndr_c,Fleet_Car,Credit Card,90,UW_99,109000,4.5%
CON-5153,ACC-1454,23758,2337,Current,vndr_c,Fleet_Car,ACH,60,UW_45,101k,4.5%
CON-5154,ACC-1080,141546,1019,Past Due,VNDR_B,Fleet_Car,Credit Card,90,UW_45,130000,0.047
CON-5155,ACC-1430,84537,2810,Current,VNDR_A,FLEET_TRUCK,ACH,90,UW_99,96k,0.042
CON-5156,ACC-1149,92214,1135, Paid ,VNDR_A,FLEET_TRUCK,Autopay,90,UW_102,142k,4.1%
CON-5157,ACC-1095,$84469,2625,Past Due,VNDR_B,FLEET_TRUCK,Autopay,60,UW_99,159k,5.7%
CON-5158,ACC-1176,85401,4110,CURRENT,vndr_b,Equipment,Credit Card,,UW_99,58000,7.0%
CON-5159,ACC-1293,116477,4411,Current,vndr_b,FLEET_TRUCK,ACH,90,UW_45,127000,0.071
CON-5160,ACC-1061,24103,3901, Paid ,vndr_a,Fleet_Car,Credit Card,30,UW_99,152000,0.07
CON-5161,ACC-1304,26187,1856,past due,vndr_c,Fleet_Car,ACH,90,UW_45,131k,7.7%
CON-5162,ACC-1358,119164,3352,CURRENT,VNDR_C,FLEET_TRUCK,ACH,90,UW_99,90000,8.1%
CON-5163,ACC-1146,53849,4353,CURRENT,VNDR_B,FLEET_TRUCK,Autopay ,90,UW_45,45000,6.5%
CON-5164,ACC-1311,142293,3588,Paid,vndr_b,Fleet_Car,Autopay,60,UW_45,141k,5.2%
CON-5165,ACC-1418,$77279,4050,past due,VNDR_B,FLEET_TRUCK,Autopay,0,UW_99,141000,8.0%
CON-5166,ACC-1309,50228,3444,Past Due,vndr_a,FLEET_TRUCK,Credit Card,90,UW_45,133000,0.054
CON-5167,ACC-1159,141998,3706,CURRENT,vndr_b,Fleet_Car,ACH,30,UW_99,115000,6.3%
CON-5168,ACC-1101,67619,1922,past due,vndr_b,Equipment,Autopay,0,UW_45,83k,4.2%
CON-5169,ACC-1300,23011,3058,past due,VNDR_B,Fleet_Car,Autopay ,0,UW_102,145000,0.048
CON-5170,ACC-1113,22195,3451,Current,vndr_c,Fleet_Car,Autopay ,90,UW_45,61000,7.5%
CON-5171,ACC-1410,20256,834,Current,VNDR_B,Equipment,Autopay ,60,UW_102,22k,4.6%
CON-5172,ACC-1422,113690,3354, Paid ,VNDR_C,Fleet_Car,ACH,,UW_45,137k,0.061
CON-5173,ACC-1141,113102,3423,past due,VNDR_B,FLEET_TRUCK,Autopay ,30,UW_99,92k,4.5%
CON-5174,ACC-1335,77993,2837,past due,VNDR_B,FLEET_TRUCK,Autopay,90,UW_45,123000,0.071
CON-5175,ACC-1326,24258,4014, Paid ,vndr_c,FLEET_TRUCK,Autopay ,30,UW_45,68k,0.072
CON-5176,ACC-1390,62483,1549,Paid,VNDR_B,Equipment,ACH,30,UW_102,140k,0.052
CON-5177,ACC-1299,73544,2004, Paid ,VNDR_A,FLEET_TRUCK,ACH,,UW_45,98k,8.0%
CON-5178,ACC-1152,33668,2492,Past Due,vndr_a,Fleet_Car,Credit Card,60,UW_102,69000,7.9%
CON-5179,ACC-1090,$134949,2083,Paid,VNDR_A,Fleet_Car,Autopay,60,UW_99,66000,0.062
CON-5180,ACC-1314,59198,2576,Paid,vndr_b,FLEET_TRUCK,Autopay,90,UW_102,60k,7.4%
CON-5181,ACC-1387,$16223,4212,CURRENT,vndr_a,Fleet_Car,ACH,30,UW_99,71000,0.083
CON-5182,ACC-1421,105269,987,past due,VNDR_B,FLEET_TRUCK,Autopay ,90,UW_45,46k,6.6%
CON-5183,ACC-1470,50072,4125, Paid ,VNDR_A,Fleet_Car,Credit Card,30,UW_99,145k,0.048
CON-5184,ACC-1192,20744,4390,Paid,VNDR_B,Equipment,ACH,,UW_99,63k,0.072
CON-5185,ACC-1063,43341,3041,past due,vndr_b,Equipment,Credit Card,30,UW_45,25k,4.5%
CON-5186,ACC-1070,17439,2515,Past Due,VNDR_C,Equipment,ACH,60,UW_99,45000,0.052
CON-5187,ACC-1183,42856,3681, Paid ,VNDR_B,Fleet_Car,ACH,,UW_102,71000,0.077
CON-5188,ACC-1464,69445,1252,CURRENT,vndr_c,FLEET_TRUCK,Credit Card,0,UW_45,143k,0.04
CON-5189,ACC-1151,34673,1881, Paid ,VNDR_A,Fleet_Car,Credit Card,0,UW_102,45000,6.9%
CON-5190,ACC-1455,109428,987,Past Due,vndr_a,Equipment,Credit Card,60,UW_102,100k,0.045
CON-5191,ACC-1093,129744,1266, Paid ,vndr_b,FLEET_TRUCK,Autopay ,90,UW_45,88000,0.044
CON-5192,ACC-1482,140369,4258,Current,VNDR_A,FLEET_TRUCK,Autopay,,UW_45,62k,7.1%
CON-5193,ACC-1450,$129861,4234,Paid,vndr_a,FLEET_TRUCK,Autopay,0,UW_102,117000,0.068
CON-5194,ACC-1268,$130523,3943,Paid,VNDR_C,Equipment,Credit Card,60,UW_45,86000,0.041
CON-5195,ACC-1076,39967,4236,CURRENT,VNDR_C,Fleet_Car,ACH,30,UW_45,83k,0.07
CON-5196,ACC-1496,138021,1939,Past Due,VNDR_C,Fleet_Car,Autopay,90,UW_99,62k,6.2%
CON-5197,ACC-1254,35664,3852,Paid,VNDR_A,Fleet_Car,Autopay,90,UW_99,134k,6.2%
CON-5198,ACC-1233,15044,2196,past due,VNDR_A,Fleet_Car,Autopay,60,UW_45,97000,0.065
CON-5199,ACC-1113,139029,808,past due,VNDR_B,Equipment,Autopay ,,UW_45,113000,0.045
CON-5200,ACC-1380,113013,3755, Paid ,VNDR_A,FLEET_TRUCK,Credit Card,30,UW_99,31000,0.062
CON-5201,ACC-1474,117995,3393,Paid,VNDR_C,Fleet_Car,Autopay,90,UW_45,68000,4.5%
CON-5202,ACC-1221,$147172,4235,CURRENT,vndr_b,Equipment,Credit Card,,UW_99,147k,0.073
CON-5203,ACC-1468,$48654,3636,Current,VNDR_B,FLEET_TRUCK,Autopay ,60,UW_102,102000,0.057
CON-5204,ACC-1364,$49962,3818,CURRENT,vndr_c,Fleet_Car,Credit Card,30,UW_45,151k,0.072
CON-5205,ACC-1257,91173,3022,Paid,vndr_c,FLEET_TRUCK,ACH,60,UW_45,53000,0.069
CON-5206,ACC-1449,140926,4270, Paid ,VNDR_A,Equipment,ACH,0,UW_102,126000,0.08
CON-5207,ACC-1146,$53096,3599,past due,vndr_a,Fleet_Car,Autopay ,30,UW_45,34k,7.4%
CON-5208,ACC-1442,23468,1718,Paid,vndr_c,Equipment,Autopay,30,UW_45,135k,0.079
CON-5209,ACC-1499,90402,3606,past due,VNDR_C,Fleet_Car,ACH,60,UW_99,32000,0.057
CON-5210,ACC-1397,131146,3769,Current,VNDR_B,FLEET_TRUCK,Credit Card,0,UW_99,114000,0.065
CON-5211,ACC-1066,60559,1459,CURRENT,VNDR_B,Fleet_Car,Autopay ,90,UW_45,50k,0.059
CON-5212,ACC-1431,$55581,3511,past due,vndr_b,Equipment,Autopay ,0,UW_45,102000,0.075
CON-5213,ACC-1278,98324,2999, Paid ,VNDR_A,FLEET_TRUCK,Credit Card,30,UW_45,67000,7.5%
CON-5214,ACC-1287,102001,4173,Paid,VNDR_A,Fleet_Car,Autopay ,90,UW_99,95k,0.074
CON-5215,ACC-1131,78917,3012,Paid,VNDR_B,Fleet_Car,Autopay ,,UW_45,102k,7.6%
CON-5216,ACC-1485,131800,1193,Current,VNDR_C,Equipment,ACH,0,UW_99,95000,0.049
CON-5217,ACC-1449,70882,3836, Paid ,vndr_c,Fleet_Car,Credit Card,0,UW_102,128000,0.049
CON-5218,ACC-1294,$101957,4165,Current,VNDR_B,FLEET_TRUCK,Autopay,90,UW_45,38k,0.076
CON-5219,ACC-1368,121023,3332,Past Due,vndr_c,Equipment,ACH,0,UW_102,24k,4.5%
CON-5220,ACC-1195,$146815,2418,Paid,VNDR_A,FLEET_TRUCK,Credit Card,,UW_99,97000,0.053
CON-5221,ACC-1454,50751,4056,Paid,vndr_c,FLEET_TRUCK,ACH,,UW_45,159k,6.9%
CON-5222,ACC-1043,$52060,2048,Current,vndr_c,Equipment,Autopay ,30,UW_102,21000,0.058
CON-5223,ACC-1092,$149362,3548,CURRENT,VNDR_A,Equipment,Autopay,,UW_99,67k,7.8%
CON-5224,ACC-1169,91192,2262,Current,vndr_c,Equipment,Credit Card,0,UW_102,84k,7.3%
CON-5225,ACC-1355,33299,3192,Current,VNDR_C,Equipment,Autopay ,60,UW_102,101k,0.055
CON-5226,ACC-1141,$59207,4241,past due,vndr_a,Equipment,Autopay ,90,UW_102,83000,0.072
CON-5227,ACC-1041,131747,4247,past due,vndr_a,Equipment,Credit Card,60,UW_45,98k,0.045
CON-5228,ACC-1296,35044,2459,CURRENT,vndr_a,Fleet_Car,Autopay ,,UW_45,24000,0.068
CON-5229,ACC-1375,138759,4310,past due,vndr_a,FLEET_TRUCK,ACH,90,UW_102,58k,0.05
CON-5230,ACC-1084,$146640,3901,CURRENT,vndr_a,FLEET_TRUCK,Credit Card,30,UW_45,81000,0.076
CON-5231,ACC-1118,53325,1057,past due,VNDR_B,Fleet_Car,ACH,30,UW_45,143000,0.042
CON-5232,ACC-1052,109699,3682,CURRENT,vndr_c,FLEET_TRUCK,Autopay ,,UW_45,136000,0.042
CON-5233,ACC-1264,60573,1830, Paid ,vndr_a,Equipment,Autopay,60,UW_102,116k,0.069
CON-5234,ACC-1039,142627,2907,Paid,VNDR_B,Fleet_Car,Credit Card,30,UW_99,21000,4.6%
CON-5235,ACC-1058,109954,2772,Paid,vndr_b,FLEET_TRUCK,Credit Card,,UW_99,50000,5.9%
CON-5236,ACC-1262,$122714,960,CURRENT,vndr_a,Fleet_Car,Credit Card,60,UW_99,31k,6.7%
CON-5237,ACC-1484,121287,1151,Current,vndr_b,Equipment,Autopay,90,UW_99,24000,0.073
CON-5238,ACC-1337,72504,2892,past due,vndr_a,Equipment,Autopay ,90,UW_45,56000,7.7%
CON-5239,ACC-1465,33046,2865,Paid,vndr_b,Fleet_Car,ACH,30,UW_102,118k,0.041
CON-5240,ACC-1066,25233,4494,CURRENT,VNDR_C,Fleet_Car,Autopay,,UW_102,156000,4.5%
CON-5241,ACC-1393,112092,2361,past due,VNDR_C,Equipment,ACH,90,UW_99,155k,8.2%
CON-5242,ACC-1278,81720,2473,past due,vndr_a,Fleet_Car,ACH,,UW_45,79000,0.044
CON-5243,ACC-1185,45888,1236,Current,vndr_b,Equipment,Autopay ,60,UW_45,116000,7.1%
CON-5244,ACC-1282,126034,4010,CURRENT,vndr_b,Fleet_Car,Autopay ,,UW_45,90000,5.8%
CON-5245,ACC-1070,141814,4302,Paid,VNDR_A,Equipment,Credit Card,90,UW_45,98000,7.5%
CON-5246,ACC-1356,$57413,3603,Paid,VNDR_A,Fleet_Car,Autopay,0,UW_99,150k,0.055
CON-5247,ACC-1311,53096,954,Paid,vndr_b,FLEET_TRUCK,Autopay ,,UW_99,131k,5.2%
CON-5248,ACC-1265,60946,1971,Current,VNDR_A,Equipment,Credit Card,,UW_99,132k,0.078
CON-5249,ACC-1204,24453,2246,Paid,vndr_b,FLEET_TRUCK,Credit Card,,UW_99,20000,4.4%
CON-5250,ACC-1178,32987,2223,past due,vndr_a,Equipment,Credit Card,90,UW_102,160k,0.077
CON-5251,ACC-1174,16219,1279,CURRENT,VNDR_B,Equipment,Autopay ,90,UW_102,124000,0.065
CON-5252,ACC-1300,141780,4330,Past Due,vndr_b,Fleet_Car,Autopay ,0,UW_102,106000,6.1%
CON-5253,ACC-1274,72771,839,Paid,VNDR_B,Fleet_Car,Autopay ,0,UW_102,78000,5.9%
CON-5254,ACC-1137,$104651,1548,Paid,vndr_c,Fleet_Car,Autopay,30,UW_99,65k,0.056
CON-5255,ACC-1182,78453,1438,Past Due,VNDR_A,Fleet_Car,Autopay,,UW_99,72k,0.078
CON-5256,ACC-1459,26079,3153,past due,vndr_b,Fleet_Car,Autopay ,90,UW_99,115000,0.062
CON-5257,ACC-1201,$48618,4324,Paid,vndr_a,FLEET_TRUCK,ACH,,UW_102,128k,0.064
CON-5258,ACC-1185,97746,3309,past due,vndr_a,Equipment,Autopay ,30,UW_102,23000,5.7%
CON-5259,ACC-1358,138560,3880,past due,VNDR_B,FLEET_TRUCK,Autopay ,90,UW_99,107k,6.2%
CON-5260,ACC-1284,49377,2570, Paid ,vndr_a,Fleet_Car,Credit Card,90,UW_99,78000,0.072
CON-5261,ACC-1368,61296,2093, Paid ,VNDR_B,FLEET_TRUCK,ACH,90,UW_99,54000,0.078
CON-5262,ACC-1171,$57819,1864,past due,VNDR_B,Equipment,Autopay ,60,UW_99,85k,6.8%
CON-5263,ACC-1399,$122940,1965,past due,VNDR_B,Equipment,Autopay,90,UW_99,70000,0.069
CON-5264,ACC-1413,114895,2181, Paid ,vndr_c,Equipment,Autopay,0,UW_99,138000,4.7%
CON-5265,ACC-1330,57467,2419,past due,vndr_b,FLEET_TRUCK,Autopay,90,UW_99,100k,5.3%
CON-5266,ACC-1358,63204,3870,Past Due,vndr_a,Fleet_Car,Autopay,0,UW_99,52000,0.07
CON-5267,ACC-1391,31722,1140,Past Due,VNDR_B,Equipment,Credit Card,0,UW_45,141000,4.1%
CON-5268,ACC-1269,117195,4234,Current,VNDR_A,Fleet_Car,Autopay ,60,UW_102,83000,6.0%
CON-5269,ACC-1485,137471,3657,CURRENT,vndr_a,Equipment,Autopay,,UW_102,158000,6.5%
CON-5270,ACC-1187,96175,2488,past due,vndr_a,FLEET_TRUCK,ACH,0,UW_45,143000,7.6%
CON-5271,ACC-1386,50730,2754,past due,VNDR_A,FLEET_TRUCK,Autopay ,,UW_99,140000,7.1%
CON-5272,ACC-1083,16892,3728,Paid,vndr_c,FLEET_TRUCK,Autopay,30,UW_102,68k,6.5%
CON-5273,ACC-1355,35764,3604,past due,VNDR_B,Equipment,Autopay ,90,UW_99,81000,0.076
CON-5274,ACC-1358,$32947,3350, Paid ,vndr_a,FLEET_TRUCK,ACH,30,UW_99,94k,6.0%
CON-5275,ACC-1004,$20801,1753,Past Due,vndr_a,Fleet_Car,Autopay,30,UW_102,46k,4.6%
CON-5276,ACC-1169,125164,1128,Current,VNDR_A,FLEET_TRUCK,Autopay,0,UW_45,147000,0.061
CON-5277,ACC-1393,$138246,3727,Current,vndr_b,FLEET_TRUCK,Credit Card,0,UW_99,84000,7.7%
CON-5278,ACC-1348,135805,2078,past due,vndr_a,Equipment,ACH,,UW_45,44000,8.4%
CON-5279,ACC-1111,47018,1262,Current,vndr_c,FLEET_TRUCK,Autopay ,0,UW_99,96k,0.08
CON-5280,ACC-1401,87377,3629, Paid ,vndr_c,Equipment,Credit Card,60,UW_99,121000,4.0%
CON-5281,ACC-1388,$80201,3360,Past Due,VNDR_A,FLEET_TRUCK,Credit Card,,UW_99,43000,0.055
CON-5282,ACC-1412,47984,4452, Paid ,vndr_c,Fleet_Car,ACH,90,UW_102,101000,0.075
CON-5283,ACC-1356,50319,2807,Current,VNDR_C,Fleet_Car,Autopay ,60,UW_45,30k,6.0%
CON-5284,ACC-1134,137786,3018,past due,vndr_b,Fleet_Car,Autopay,30,UW_99,61k,4.7%
CON-5285,ACC-1419,110440,2387,Current,VNDR_C,Equipment,Autopay,,UW_99,81k,0.043
CON-5286,ACC-1427,89220,1331,Current,VNDR_A,Fleet_Car,ACH,90,UW_99,102k,6.4%
CON-5287,ACC-1131,$40887,1001,past due,vndr_a,Equipment,ACH,0,UW_99,119000,0.064
CON-5288,ACC-1380,143819,4447, Paid ,VNDR_B,Equipment,ACH,,UW_102,40k,6.9%
CON-5289,ACC-1051,25656,3770,Current,VNDR_C,FLEET_TRUCK,Credit Card,30,UW_45,97k,0.05
CON-5290,ACC-1392,80211,3415,CURRENT,VNDR_B,Equipment,Autopay,90,UW_99,65000,0.065
CON-5291,ACC-1307,58728,2614,past due,VNDR_B,Equipment,Autopay ,60,UW_102,160k,5.5%
CON-5292,ACC-1392,127876,3053,Paid,VNDR_B,FLEET_TRUCK,Autopay,90,UW_102,102000,6.5%
CON-5293,ACC-1154,15051,826,past due,vndr_a,Fleet_Car,Autopay ,0,UW_45,92000,0.063
CON-5294,ACC-1019,87340,2685,past due,vndr_a,Fleet_Car,Autopay ,60,UW_45,150000,8.2%
CON-5295,ACC-1375,80498,1116,Paid,VNDR_B,FLEET_TRUCK,Credit Card,90,UW_45,96k,0.058
CON-5296,ACC-1399,39999,1029,past due,VNDR_B,FLEET_TRUCK,Autopay,0,UW_99,96k,7.6%
CON-5297,ACC-1289,17997,1412,past due,VNDR_C,Equipment,Credit Card,30,UW_99,117k,6.4%
CON-5298,ACC-1075,117991,1341,past due,VNDR_A,FLEET_TRUCK,ACH,,UW_102,149k,0.059
CON-5299,ACC-1246,$83827,3090,Current,vndr_b,FLEET_TRUCK,Credit Card,,UW_45,148k,0.071
CON-5300,ACC-1045,79551,1260,Paid,vndr_b,FLEET_TRUCK,Autopay ,60,UW_99,88000,0.055
CON-5301,ACC-1420,99079,4088, Paid ,VNDR_C,Fleet_Car,Autopay,0,UW_99,26000,4.8%
CON-5302,ACC-1027,67346,1795,CURRENT,vndr_a,FLEET_TRUCK,ACH,60,UW_45,59000,7.8%
CON-5303,ACC-1104,44170,3038,CURRENT,VNDR_B,Equipment,Autopay,,UW_45,140k,0.049
CON-5304,ACC-1130,52053,1497,Past Due,VNDR_B,Fleet_Car,Autopay ,0,UW_102,24k,0.081
CON-5305,ACC-1055,$17184,878,past due,vndr_c,FLEET_TRUCK,Credit Card,90,UW_45,89000,8.1%
CON-5306,ACC-1256,41110,2675,CURRENT,vndr_c,Fleet_Car,ACH,30,UW_45,144000,6.4%
CON-5307,ACC-1181,94934,3360,past due,vndr_a,Equipment,Autopay ,0,UW_45,120000,0.041
CON-5308,ACC-1174,82549,4474, Paid ,vndr_c,Fleet_Car,ACH,90,UW_45,27000,8.3%
CON-5309,ACC-1229,74618,3020,Current,vndr_a,Equipment,Credit Card,,UW_45,59k,0.054
CON-5310,ACC-1220,68034,3954,Current,vndr_c,Equipment,Credit Card,60,UW_99,99000,0.08
CON-5311,ACC-1211,$46034,2484,past due,vndr_b,Equipment,Autopay ,30,UW_99,57000,0.074
CON-5312,ACC-1290,$42989,3308,Current,VNDR_C,Fleet_Car,Credit Card,0,UW_102,26000,6.8%
CON-5313,ACC-1332,35834,2331,Current,vndr_b,FLEET_TRUCK,Autopay,30,UW_99,142k,7.8%
CON-5314,ACC-1211,65661,1711,Paid,vndr_c,Fleet_Car,Credit Card,0,UW_99,124000,4.1%
CON-5315,ACC-1218,130155,2458,Past Due,VNDR_C,Equipment,Autopay,60,UW_102,145000,0.079
CON-5316,ACC-1125,25095,2924,CURRENT,vndr_b,Equipment,ACH,,UW_102,135k,0.079
CON-5317,ACC-1236,$27922,1481, Paid ,VNDR_B,Equipment,ACH,,UW_99,132k,0.054
CON-5318,ACC-1299,136524,4463,Paid,VNDR_C,Fleet_Car,Autopay,90,UW_102,135k,6.3%
CON-5319,ACC-1232,$133197,1169,past due,VNDR_B,Equipment,Credit Card,0,UW_99,136000,7.2%
CON-5320,ACC-1499,44927,2895,CURRENT,vndr_a,FLEET_TRUCK,Autopay,0,UW_99,112k,0.072
CON-5321,ACC-1026,102868,2518,past due,VNDR_B,Equipment,Autopay,60,UW_45,58k,0.047
CON-5322,ACC-1006,$62368,2678, Paid ,vndr_b,Equipment,ACH,,UW_102,53000,0.04
CON-5323,ACC-1003,77358,1802,CURRENT,VNDR_B,Equipment,Credit Card,0,UW_99,141k,0.06
CON-5324,ACC-1429,$53864,3271,past due,VNDR_B,Fleet_Car,ACH,0,UW_102,109k,0.078
CON-5325,ACC-1403,$61726,3102,Current,vndr_b,Equipment,Autopay ,0,UW_99,92000,0.071
CON-5326,ACC-1033,93458,1999, Paid ,vndr_a,Fleet_Car,Autopay ,60,UW_45,117000,0.074
CON-5327,ACC-1322,123464,2966,Past Due,vndr_b,Equipment,Autopay ,90,UW_45,73000,0.045
CON-5328,ACC-1373,97965,3388, Paid ,vndr_b,Fleet_Car,Credit Card,60,UW_99,110000,6.8%
CON-5329,ACC-1409,$15414,3320, Paid ,vndr_b,Fleet_Car,Autopay ,60,UW_45,139000,0.045
CON-5330,ACC-1153,$70663,2875,CURRENT,VNDR_B,Fleet_Car,ACH,60,UW_102,71000,5.1%
CON-5331,ACC-1472,118821,3554, Paid ,vndr_b,Fleet_Car,Credit Card,90,UW_99,27000,0.049
CON-5332,ACC-1475,135748,3841,Past Due,VNDR_C,FLEET_TRUCK,Autopay ,,UW_45,157000,0.061
CON-5333,ACC-1496,19906,1411,past due,VNDR_A,FLEET_TRUCK,Autopay,,UW_99,104000,8.0%
CON-5334,ACC-1161,$117122,3707,Past Due,VNDR_B,FLEET_TRUCK,ACH,90,UW_99,49000,0.074
CON-5335,ACC-1401,112408,953,Current,VNDR_A,FLEET_TRUCK,ACH,90,UW_45,97k,5.4%
CON-5336,ACC-1073,$55390,3951,Past Due,VNDR_C,Equipment,Credit Card,30,UW_45,143000,0.064
CON-5337,ACC-1434,24582,3234,Past Due,VNDR_B,FLEET_TRUCK,ACH,0,UW_45,153k,5.4%
CON-5338,ACC-1146,$96914,1933,CURRENT,VNDR_B,FLEET_TRUCK,ACH,60,UW_99,99000,4.9%
CON-5339,ACC-1277,56286,2234,CURRENT,VNDR_B,FLEET_TRUCK,Credit Card,60,UW_45,23000,6.5%
CON-5340,ACC-1066,$79179,918, Paid ,vndr_c,Fleet_Car,ACH,90,UW_99,99000,5.5%
CON-5341,ACC-1353,37575,3664, Paid ,VNDR_C,FLEET_TRUCK,Autopay ,60,UW_99,65000,0.08
CON-5342,ACC-1357,35590,2718,Past Due,vndr_b,FLEET_TRUCK,Autopay,90,UW_99,139000,0.044
CON-5343,ACC-1340,$73666,2153,past due,vndr_b,FLEET_TRUCK,ACH,0,UW_102,86000,0.058
CON-5344,ACC-1294,44592,1321,CURRENT,VNDR_A,FLEET_TRUCK,ACH,60,UW_45,138000,5.3%
CON-5345,ACC-1124,33592,3044,Current,vndr_b,FLEET_TRUCK,ACH,60,UW_99,156k,6.7%
CON-5346,ACC-1088,128022,3514,Paid,VNDR_A,Equipment,Autopay,0,UW_45,131000,0.055
CON-5347,ACC-1035,136348,3250,Past Due,vndr_c,Equipment,Autopay,60,UW_102,44000,0.048
CON-5348,ACC-1000,$31117,3900,Current,vndr_c,Fleet_Car,Autopay,,UW_102,55000,0.081
CON-5349,ACC-1291,117231,4053,Paid,VNDR_B,FLEET_TRUCK,Autopay ,0,UW_45,134k,7.1%
CON-5350,ACC-1189,17128,4490,CURRENT,VNDR_A,Fleet_Car,Autopay ,0,UW_102,150k,4.6%
CON-5351,ACC-1222,23174,3032,Current,vndr_c,Fleet_Car,Autopay,30,UW_99,120000,7.2%
CON-5352,ACC-1343,115819,1314,Current,VNDR_A,Fleet_Car,ACH,30,UW_45,112000,0.047
CON-5353,ACC-1233,142585,4460,Paid,VNDR_C,FLEET_TRUCK,Credit Card,90,UW_45,54k,6.9%
CON-5354,ACC-1003,126181,3167, Paid ,vndr_c,Fleet_Car,Autopay ,90,UW_45,135k,5.0%
CON-5355,ACC-1246,$111198,3628,Past Due,vndr_a,Equipment,Autopay ,90,UW_45,29000,7.2%
CON-5356,ACC-1342,35508,1119,Paid,vndr_c,Equipment,Autopay ,,UW_99,42k,0.068
CON-5357,ACC-1375,105058,2157, Paid ,VNDR_B,FLEET_TRUCK,Autopay ,30,UW_99,22k,6.3%
CON-5358,ACC-1026,94710,3488,past due,vndr_c,Equipment,ACH,60,UW_102,86k,6.1%
CON-5359,ACC-1143,$36629,1927,past due,VNDR_A,Equipment,ACH,,UW_99,39000,5.3%
CON-5360,ACC-1248,54619,1540,CURRENT,VNDR_A,FLEET_TRUCK,ACH,30,UW_45,114000,0.052
CON-5361,ACC-1326,55409,1485,Current,VNDR_C,Equipment,Autopay ,0,UW_45,125000,5.1%
CON-5362,ACC-1243,84309,3856,CURRENT,vndr_a,FLEET_TRUCK,Autopay,90,UW_102,49k,6.1%
CON-5363,ACC-1347,53050,2093,CURRENT,vndr_c,Fleet_Car,ACH,,UW_45,131k,8.2%
CON-5364,ACC-1138,107753,1893,Past Due,VNDR_B,Equipment,Autopay,90,UW_45,130000,6.9%
CON-5365,ACC-1160,78385,3043,Past Due,vndr_c,Fleet_Car,ACH,0,UW_102,69000,0.07
CON-5366,ACC-1017,40611,897,CURRENT,VNDR_A,Fleet_Car,Credit Card,,UW_45,134k,7.3%
CON-5367,ACC-1391,46926,4485,Paid,VNDR_C,Fleet_Car,ACH,30,UW_102,50k,6.7%
CON-5368,ACC-1218,92219,3635,Paid,VNDR_B,FLEET_TRUCK,Credit Card,0,UW_102,39000,8.2%
CON-5369,ACC-1091,31354,2604,Past Due,vndr_b,Fleet_Car,Autopay,30,UW_45,105000,0.052
CON-5370,ACC-1467,$143989,2608,Paid,VNDR_B,Fleet_Car,ACH,0,UW_99,158000,0.05
CON-5371,ACC-1477,80692,954,Paid,vndr_b,FLEET_TRUCK,Credit Card,60,UW_102,24000,0.047
CON-5372,ACC-1415,15970,4016,Past Due,VNDR_C,Fleet_Car,ACH,90,UW_45,145k,0.058
CON-5373,ACC-1205,$141370,1026,Paid,vndr_c,Fleet_Car,Autopay ,,UW_102,157000,0.056
CON-5374,ACC-1196,36091,3506,Current,VNDR_B,Equipment,Autopay,0,UW_45,94000,4.8%
CON-5375,ACC-1368,109178,3228,Current,vndr_b,FLEET_TRUCK,ACH,,UW_45,132000,4.6%
CON-5376,ACC-1172,95669,4026,Paid,VNDR_A,FLEET_TRUCK,ACH,30,UW_45,135000,4.1%
CON-5377,ACC-1018,135159,3812,Current,vndr_b,Equipment,ACH,90,UW_45,157k,0.066
CON-5378,ACC-1420,27006,4050,Past Due,vndr_b,Equipment,Credit Card,,UW_99,53k,0.068
CON-5379,ACC-1427,$42874,3822,Paid,vndr_b,FLEET_TRUCK,ACH,,UW_45,76k,4.9%
CON-5380,ACC-1061,51000,1921,Current,vndr_b,Fleet_Car,Autopay ,,UW_99,74000,6.7%
CON-5381,ACC-1192,129992,3985,Current,VNDR_A,FLEET_TRUCK,ACH,0,UW_99,30k,0.076
CON-5382,ACC-1354,62032,1319,Current,vndr_a,Equipment,Autopay ,,UW_102,92k,0.076
CON-5383,ACC-1255,123011,3306,Past Due,vndr_c,FLEET_TRUCK,Autopay ,90,UW_99,64000,4.2%
CON-5384,ACC-1276,$76771,2878,Current,vndr_b,Equipment,Credit Card,60,UW_99,155000,0.068
CON-5385,ACC-1090,$65782,1454,Paid,VNDR_A,Fleet_Car,Autopay ,60,UW_99,58000,8.4%
CON-5386,ACC-1090,128946,1447,Past Due,vndr_b,Equipment,ACH,0,UW_99,136k,0.073
CON-5387,ACC-1117,131607,3990,Past Due,VNDR_B,Fleet_Car,ACH,30,UW_45,103k,0.074
CON-5388,ACC-1027,123159,4447, Paid ,vndr_a,Fleet_Car,Autopay,30,UW_102,116000,0.043
CON-5389,ACC-1065,$112906,931,Paid,VNDR_C,Fleet_Car,Autopay ,30,UW_99,69000,8.4%
CON-5390,ACC-1080,137037,4033,Paid,VNDR_C,Fleet_Car,Credit Card,0,UW_102,63000,5.0%
CON-5391,ACC-1373,143244,2553,Paid,vndr_a,Fleet_Car,Autopay ,90,UW_45,75000,7.8%
CON-5392,ACC-1022,73302,964, Paid ,vndr_c,Equipment,ACH,90,UW_45,58000,8.0%
CON-5393,ACC-1006,118368,3639,Paid,vndr_b,Fleet_Car,Credit Card,60,UW_102,45k,0.051
CON-5394,ACC-1235,77668,4314,CURRENT,vndr_c,Equipment,ACH,90,UW_102,43k,7.0%
CON-5395,ACC-1360,51339,3394,Past Due,vndr_c,Fleet_Car,Autopay,60,UW_45,123k,0.079
CON-5396,ACC-1106,23575,4026,Paid,VNDR_A,Equipment,Autopay ,0,UW_45,89000,0.068
CON-5397,ACC-1187,110417,1517,Paid,VNDR_C,Equipment,ACH,,UW_45,48k,6.1%
CON-5398,ACC-1480,$68664,3881,CURRENT,vndr_c,Fleet_Car,Credit Card,60,UW_102,105k,4.5%
CON-5399,ACC-1248,85086,2853,CURRENT,VNDR_A,FLEET_TRUCK,Autopay ,90,UW_45,128k,4.3%
CON-5400,ACC-1200,111507,4477,Current,VNDR_B,Fleet_Car,ACH,30,UW_102,36k,8.0%
CON-5401,ACC-1011,44366,2000, Paid ,vndr_c,Equipment,Credit Card,90,UW_102,147k,0.049
CON-5402,ACC-1118,125134,4219,CURRENT,vndr_c,FLEET_TRUCK,Autopay,,UW_102,25k,0.043
CON-5403,ACC-1067,100539,4479,past due,vndr_a,FLEET_TRUCK,Credit Card,90,UW_102,155000,6.0%
CON-5404,ACC-1316,90535,1458,Paid,VNDR_C,FLEET_TRUCK,Credit Card,30,UW_45,32k,0.053
CON-5405,ACC-1133,$55235,2314,Current,vndr_a,Equipment,ACH,60,UW_102,49k,5.4%
CON-5406,ACC-1012,53782,2457, Paid ,vndr_a,FLEET_TRUCK,Autopay ,30,UW_99,158000,6.4%
CON-5407,ACC-1293,148014,3531,Current,VNDR_C,Equipment,Autopay,60,UW_45,95k,0.053
CON-5408,ACC-1205,44442,3329,Current,vndr_b,FLEET_TRUCK,ACH,60,UW_99,30k,6.5%
CON-5409,ACC-1042,66157,3005, Paid ,vndr_c,Equipment,ACH,,UW_102,76000,7.5%
CON-5410,ACC-1075,65973,3732, Paid ,VNDR_B,FLEET_TRUCK,Autopay ,0,UW_102,150000,8.1%
CON-5411,ACC-1227,105418,3837, Paid ,vndr_b,FLEET_TRUCK,Credit Card,90,UW_45,134000,0.044
CON-5412,ACC-1268,$123578,2173,Past Due,VNDR_C,FLEET_TRUCK,ACH,0,UW_102,42k,0.054
CON-5413,ACC-1095,86651,4209, Paid ,VNDR_B,Equipment,Autopay,0,UW_102,138000,7.4%
CON-5414,ACC-1153,94669,3423,Paid,vndr_b,Fleet_Car,Autopay ,90,UW_99,138k,7.6%
CON-5415,ACC-1496,143945,1073,CURRENT,vndr_c,FLEET_TRUCK,Autopay,,UW_102,82k,7.4%
CON-5416,ACC-1375,82609,3156,Past Due,VNDR_B,Fleet_Car,ACH,30,UW_102,141000,7.7%
CON-5417,ACC-1325,135859,2258,Past Due,VNDR_B,FLEET_TRUCK,ACH,,UW_99,54k,4.2%
CON-5418,ACC-1350,63037,4076,past due,VNDR_B,Equipment,Autopay ,0,UW_45,62000,0.079
CON-5419,ACC-1210,107177,2193,Current,VNDR_A,Fleet_Car,Credit Card,,UW_99,23k,0.053
CON-5420,ACC-1410,64392,1266, Paid ,vndr_b,Fleet_Car,ACH,30,UW_99,154000,0.072
CON-5421,ACC-1267,140702,3927,past due,vndr_a,Equipment,Autopay ,0,UW_45,112k,0.06
CON-5422,ACC-1040,46089,2540,Paid,VNDR_A,Fleet_Car,ACH,90,UW_102,56000,5.4%
CON-5423,ACC-1060,$26145,1836,Past Due,VNDR_A,FLEET_TRUCK,ACH,0,UW_99,28000,6.3%
CON-5424,ACC-1433,68844,3856,past due,VNDR_C,FLEET_TRUCK,Autopay ,30,UW_45,71k,5.6%
CON-5425,ACC-1111,78392,3731,Current,VNDR_B,Fleet_Car,ACH,0,UW_99,37k,6.6%
CON-5426,ACC-1490,147171,1239,Current,VNDR_B,FLEET_TRUCK,Autopay,30,UW_45,141k,6.7%
CON-5427,ACC-1390,74651,2279,Paid,VNDR_B,Equipment,ACH,0,UW_102,100k,4.5%
CON-5428,ACC-1430,$144423,2618,Current,VNDR_C,FLEET_TRUCK,Autopay ,90,UW_99,92k,0.073
CON-5429,ACC-1345,33247,2813,Paid,VNDR_A,FLEET_TRUCK,Autopay,,UW_45,141000,5.7%
CON-5430,ACC-1473,$37283,4455,Current,VNDR_A,FLEET_TRUCK,Credit Card,60,UW_99,121k,6.7%
CON-5431,ACC-1297,$120981,3231,past due,vndr_c,FLEET_TRUCK,Autopay ,90,UW_45,128000,0.053
CON-5432,ACC-1128,121022,2804, Paid ,vndr_a,Equipment,Credit Card,0,UW_99,150k,7.5%
CON-5433,ACC-1347,28854,2139,Current,VNDR_B,Equipment,ACH,0,UW_45,147000,8.4%
CON-5434,ACC-1277,144024,2207,CURRENT,VNDR_C,Fleet_Car,ACH,90,UW_99,71k,0.062
CON-5435,ACC-1337,115566,4324,past due,vndr_c,Fleet_Car,Autopay,90,UW_99,116k,4.2%
CON-5436,ACC-1283,96909,3607,CURRENT,VNDR_C,FLEET_TRUCK,Autopay,,UW_99,144000,6.6%
CON-5437,ACC-1180,$147824,3939,past due,VNDR_B,Fleet_Car,ACH,,UW_99,87k,0.084
CON-5438,ACC-1320,48606,2197, Paid ,VNDR_A,FLEET_TRUCK,Autopay ,60,UW_102,109000,0.066
CON-5439,ACC-1466,$107083,3618,Past Due,VNDR_B,Fleet_Car,Autopay ,30,UW_99,82k,0.069
CON-5440,ACC-1356,$100489,2723,CURRENT,VNDR_A,FLEET_TRUCK,Autopay,,UW_102,128000,8.1%
CON-5441,ACC-1257,99520,4123,Paid,VNDR_B,Fleet_Car,Autopay ,60,UW_102,145k,7.0%
CON-5442,ACC-1024,67889,2017,CURRENT,vndr_b,Fleet_Car,ACH,,UW_99,39000,6.4%
CON-5443,ACC-1333,103300,4174,past due,VNDR_C,FLEET_TRUCK,Autopay,,UW_102,155k,0.049
CON-5444,ACC-1092,67448,4408,Past Due,vndr_c,Equipment,Credit Card,,UW_102,84000,0.06
CON-5445,ACC-1436,70824,3950, Paid ,VNDR_C,Equipment,ACH,,UW_99,139k,0.069
CON-5446,ACC-1222,110492,2480,past due,VNDR_A,Equipment,Credit Card,90,UW_102,81k,7.1%
CON-5447,ACC-1076,90247,1586,Past Due,vndr_a,FLEET_TRUCK,Autopay,90,UW_45,85000,5.1%
CON-5448,ACC-1404,129329,4091,past due,vndr_c,Equipment,Credit Card,0,UW_45,29k,5.2%
CON-5449,ACC-1443,142360,1060, Paid ,VNDR_B,Equipment,ACH,90,UW_45,34000,0.044
CON-5450,ACC-1486,51847,3974,CURRENT,VNDR_B,FLEET_TRUCK,ACH,30,UW_45,148000,0.063
CON-5451,ACC-1383,47054,3847,Current,vndr_b,Fleet_Car,Credit Card,0,UW_99,100k,6.6%
CON-5452,ACC-1273,71127,2334,Paid,VNDR_A,FLEET_TRUCK,Autopay,90,UW_45,132k,7.9%
CON-5453,ACC-1010,79578,3443,CURRENT,VNDR_A,Equipment,ACH,30,UW_102,57k,0.072
CON-5454,ACC-1121,115844,4312, Paid ,vndr_b,Fleet_Car,Autopay,60,UW_102,112000,0.071
CON-5455,ACC-1224,38658,3386,past due,vndr_c,FLEET_TRUCK,ACH,60,UW_99,80k,7.9%
CON-5456,ACC-1470,143894,4159,Past Due,vndr_a,Equipment,Autopay ,,UW_99,125000,5.5%
CON-5457,ACC-1026,107237,3427,Paid,vndr_a,Equipment,Autopay,30,UW_99,160000,6.0%
CON-5458,ACC-1264,120031,3722,Paid,vndr_a,Equipment,Autopay,60,UW_102,98k,4.4%
CON-5459,ACC-1409,140400,1954,Current,VNDR_A,FLEET_TRUCK,Autopay ,30,UW_102,54k,0.071
CON-5460,ACC-1313,113912,3366,Current,VNDR_A,FLEET_TRUCK,Credit Card,60,UW_45,77k,0.041
CON-5461,ACC-1087,$59238,3123,Past Due,VNDR_A,Equipment,Autopay,90,UW_45,129000,0.047
CON-5462,ACC-1147,$144538,3857, Paid ,vndr_b,Fleet_Car,Autopay,30,UW_45,72k,0.079
CON-5463,ACC-1405,71509,1397,Past Due,VNDR_B,FLEET_TRUCK,Credit Card,,UW_102,92000,4.9%
CON-5464,ACC-1498,80095,3638, Paid ,vndr_c,Fleet_Car,Autopay,90,UW_45,137k,0.061
CON-5465,ACC-1181,$82168,3283,Paid,VNDR_C,Equipment,ACH,0,UW_102,35k,8.2%
CON-5466,ACC-1456,147262,3091,Past Due,VNDR_C,Fleet_Car,Autopay ,30,UW_45,97000,7.0%
CON-5467,ACC-1072,144195,1866,Past Due,VNDR_B,Fleet_Car,Credit Card,90,UW_102,139k,0.054
CON-5468,ACC-1474,109527,1880,CURRENT,VNDR_B,FLEET_TRUCK,Credit Card,60,UW_45,92000,0.052
CON-5469,ACC-1225,143784,1017,Current,vndr_a,Fleet_Car,Credit Card,30,UW_99,58000,0.082
CON-5470,ACC-1020,138272,2608,past due,vndr_c,Equipment,Autopay,90,UW_102,139k,0.085
CON-5471,ACC-1092,44488,4219,Current,vndr_c,Equipment,Autopay ,,UW_45,57k,0.044
CON-5472,ACC-1039,70678,1808, Paid ,vndr_c,Fleet_Car,Autopay ,0,UW_102,21000,6.6%
CON-5473,ACC-1425,46979,3698,Paid,vndr_b,FLEET_TRUCK,Autopay ,,UW_45,47000,4.7%
CON-5474,ACC-1374,16521,3807,CURRENT,vndr_a,Fleet_Car,ACH,60,UW_102,31000,8.3%
CON-5475,ACC-1091,29558,1783, Paid ,VNDR_A,Fleet_Car,Credit Card,30,UW_102,160000,5.7%
CON-5476,ACC-1412,120485,2070,Paid,VNDR_C,Fleet_Car,Autopay ,0,UW_102,59k,6.2%
CON-5477,ACC-1216,$149388,1169, Paid ,VNDR_B,Equipment,Credit Card,90,UW_45,134000,0.061
CON-5478,ACC-1351,$126677,3723,Current,vndr_b,Equipment,ACH,60,UW_102,151k,6.1%
CON-5479,ACC-1153,$129650,4246,Current,VNDR_C,FLEET_TRUCK,Autopay ,,UW_99,142k,0.084
CON-5480,ACC-1338,35062,3750,CURRENT,VNDR_B,FLEET_TRUCK,Autopay ,,UW_99,151k,5.9%
CON-5481,ACC-1042,$146974,2504,Paid,VNDR_B,FLEET_TRUCK,Autopay,90,UW_45,138k,4.8%
CON-5482,ACC-1132,84487,4370,Paid,VNDR_A,FLEET_TRUCK,ACH,0,UW_102,67k,0.044
CON-5483,ACC-1381,$45586,3265,Paid,vndr_b,FLEET_TRUCK,Autopay ,90,UW_102,142k,0.058
CON-5484,ACC-1096,$37973,4318,Past Due,vndr_a,FLEET_TRUCK,Credit Card,30,UW_102,23k,0.077
CON-5485,ACC-1462,$65047,1424,Paid,vndr_c,FLEET_TRUCK,Autopay,90,UW_99,138k,5.9%
CON-5486,ACC-1170,132837,832,Past Due,vndr_c,Equipment,Autopay,90,UW_102,71k,7.7%
CON-5487,ACC-1347,$91224,4145, Paid ,vndr_a,Equipment,ACH,,UW_99,122k,0.067
CON-5488,ACC-1059,125625,2826,CURRENT,vndr_c,FLEET_TRUCK,Autopay,90,UW_99,36k,0.069
CON-5489,ACC-1300,57292,3605,past due,VNDR_C,Equipment,Autopay,30,UW_102,69k,0.06
CON-5490,ACC-1318,117333,1648,past due,vndr_c,Equipment,ACH,90,UW_99,112000,0.076
CON-5491,ACC-1155,$60427,1761,Current,VNDR_C,Fleet_Car,ACH,60,UW_102,145k,0.059
CON-5492,ACC-1032,108596,2183, Paid ,VNDR_A,Equipment,Credit Card,0,UW_45,64000,8.0%
CON-5493,ACC-1285,73745,1895,Current,vndr_c,Equipment,ACH,0,UW_102,107000,0.075
CON-5494,ACC-1439,134835,1217,CURRENT,VNDR_A,Equipment,ACH,30,UW_45,48000,0.075
CON-5495,ACC-1259,45948,2841,Paid,VNDR_A,Fleet_Car,Autopay ,60,UW_99,112k,5.3%
CON-5496,ACC-1427,47239,4114, Paid ,VNDR_B,FLEET_TRUCK,Credit Card,0,UW_102,132000,7.5%
CON-5497,ACC-1385,112631,2969, Paid ,vndr_a,Fleet_Car,Autopay,90,UW_102,126k,7.0%
CON-5498,ACC-1074,135259,3954,Past Due,vndr_c,Equipment,ACH,0,UW_102,152000,5.6%
CON-5499,ACC-1472,97524,3427,Current,VNDR_C,Fleet_Car,Autopay ,90,UW_102,62k,5.8%
CON-5500,ACC-1270,94776,3300,Current,vndr_c,FLEET_TRUCK,Autopay,30,UW_45,100000,4.0%
CON-5501,ACC-1275,130905,2170, Paid ,vndr_c,Equipment,Credit Card,,UW_45,123000,8.0%
CON-5502,ACC-1081,89429,895,Past Due,VNDR_C,Equipment,Autopay ,30,UW_102,150000,0.063
CON-5503,ACC-1259,125820,2251,Past Due,VNDR_A,Equipment,ACH,90,UW_102,48000,7.8%
CON-5504,ACC-1457,16366,3371,Paid,VNDR_C,Equipment,Credit Card,60,UW_102,80000,0.085
CON-5505,ACC-1167,89589,2915,CURRENT,vndr_a,FLEET_TRUCK,Autopay,0,UW_99,55000,6.3%
CON-5506,ACC-1109,126592,2627,Past Due,VNDR_B,Equipment,Autopay,,UW_45,40k,5.9%
CON-5507,ACC-1485,118489,2805,Paid,vndr_b,Fleet_Car,Credit Card,,UW_99,147000,0.085
CON-5508,ACC-1355,142078,1670, Paid ,vndr_b,Fleet_Car,Credit Card,,UW_102,53000,0.063
CON-5509,ACC-1267,46133,1427,Past Due,VNDR_B,FLEET_TRUCK,Autopay ,60,UW_102,124k,5.7%
CON-5510,ACC-1457,$142382,2049,past due,vndr_a,Fleet_Car,Autopay,0,UW_99,56k,6.7%
CON-5511,ACC-1460,$106396,2183, Paid ,vndr_b,Equipment,Credit Card,30,UW_45,31k,0.066
CON-5512,ACC-1319,135831,3521,CURRENT,vndr_b,FLEET_TRUCK,Credit Card,90,UW_102,134k,7.3%
CON-5513,ACC-1362,27011,901,CURRENT,vndr_c,Equipment,Autopay ,,UW_45,133000,0.069
CON-5514,ACC-1027,47448,3135,CURRENT,vndr_a,FLEET_TRUCK,ACH,0,UW_45,41k,0.068
CON-5515,ACC-1454,62118,3173, Paid ,VNDR_A,Equipment,Autopay ,90,UW_45,90000,0.051
CON-5516,ACC-1270,26792,2099, Paid ,VNDR_B,Fleet_Car,ACH,0,UW_45,25k,4.8%
CON-5517,ACC-1208,59081,3579,Current,VNDR_A,Equipment,Autopay ,30,UW_99,66k,4.4%
CON-5518,ACC-1192,30335,4190,Past Due,VNDR_A,Fleet_Car,Credit Card,,UW_45,45k,5.9%
CON-5519,ACC-1237,76994,3065, Paid ,VNDR_A,FLEET_TRUCK,ACH,90,UW_45,149k,4.5%
CON-5520,ACC-1126,76273,3925,CURRENT,vndr_c,Fleet_Car,Autopay ,,UW_102,24k,0.083
CON-5521,ACC-1086,$131911,4003,Current,VNDR_C,FLEET_TRUCK,Autopay,0,UW_99,148k,8.4%
CON-5522,ACC-1471,136805,2775,past due,VNDR_C,FLEET_TRUCK,Autopay,60,UW_45,94000,4.8%
CON-5523,ACC-1035,70772,2031,Past Due,vndr_b,Equipment,ACH,30,UW_45,150k,0.047
CON-5524,ACC-1349,88258,2203,Paid,VNDR_B,Equipment,Autopay,60,UW_99,73000,8.3%
CON-5525,ACC-1068,99315,3447,Past Due,VNDR_C,FLEET_TRUCK,ACH,0,UW_45,137000,0.055
CON-5526,ACC-1332,60491,3467,Past Due,VNDR_C,Fleet_Car,Autopay,0,UW_102,145000,0.064
CON-5527,ACC-1004,113664,1311, Paid ,VNDR_B,Fleet_Car,Autopay,0,UW_99,111k,0.078
CON-5528,ACC-1413,20185,3740,Current,vndr_a,FLEET_TRUCK,Autopay ,0,UW_102,111k,0.077
CON-5529,ACC-1056,144194,4363,past due,VNDR_C,Equipment,Autopay,30,UW_45,73k,0.084
CON-5530,ACC-1132,65795,3134,Current,VNDR_C,Equipment,Autopay ,30,UW_45,64k,4.6%
CON-5531,ACC-1001,21060,2549,Paid,vndr_c,Equipment,ACH,60,UW_102,156000,0.071
CON-5532,ACC-1452,121660,3754,Current,VNDR_A,FLEET_TRUCK,Autopay,,UW_102,152k,0.056
CON-5533,ACC-1377,$97900,1724,Paid,vndr_b,Fleet_Car,Credit Card,30,UW_99,69k,0.08
CON-5534,ACC-1408,101304,3365,past due,VNDR_B,Fleet_Car,ACH,90,UW_99,44k,5.9%
CON-5535,ACC-1307,104339,3337, Paid ,VNDR_A,Equipment,Autopay,,UW_99,105000,5.1%
CON-5536,ACC-1400,37422,1322,Past Due,vndr_b,Fleet_Car,Autopay ,,UW_45,28k,0.08
CON-5537,ACC-1049,$128204,3328, Paid ,vndr_a,Equipment,ACH,90,UW_102,34000,5.3%
CON-5538,ACC-1232,136689,2918,past due,VNDR_C,Fleet_Car,ACH,0,UW_99,45k,0.082
CON-5539,ACC-1181,32706,2524, Paid ,vndr_c,Equipment,Autopay,30,UW_99,69000,0.046
CON-5540,ACC-1333,51090,3889,past due,VNDR_B,Equipment,Credit Card,30,UW_102,35k,0.066
CON-5541,ACC-1347,95917,1392,Past Due,vndr_a,Equipment,ACH,90,UW_102,94k,0.04
CON-5542,ACC-1355,66224,3633, Paid ,VNDR_C,Equipment,Autopay ,,UW_45,71000,0.055
CON-5543,ACC-1466,102991,972, Paid ,vndr_a,Fleet_Car,Credit Card,30,UW_102,127k,0.045
CON-5544,ACC-1422,70872,827,past due,VNDR_A,Fleet_Car,Autopay ,0,UW_45,104000,5.7%
CON-5545,ACC-1022,$45196,921,Current,vndr_a,FLEET_TRUCK,Credit Card,30,UW_102,132k,0.066
CON-5546,ACC-1466,60687,1214,Past Due,vndr_c,Fleet_Car,Autopay,0,UW_102,82k,0.041
CON-5547,ACC-1269,70112,4072,CURRENT,vndr_b,Equipment,ACH,0,UW_99,81k,5.7%
CON-5548,ACC-1219,49287,3405,Current,VNDR_A,Equipment,Credit Card,,UW_102,69000,7.1%
CON-5549,ACC-1260,53945,3192, Paid ,vndr_a,Equipment,ACH,90,UW_45,33000,5.3%
CON-5550,ACC-1255,$32006,2925, Paid ,vndr_a,FLEET_TRUCK,Autopay ,,UW_45,119000,0.069
CON-5551,ACC-1404,141693,3191,Paid,VNDR_A,Fleet_Car,Credit Card,30,UW_102,146k,0.066
CON-5552,ACC-1431,76442,2332,past due,VNDR_C,Fleet_Car,Credit Card,0,UW_102,98k,5.7%
CON-5553,ACC-1218,131524,2647, Paid ,vndr_b,FLEET_TRUCK,Autopay ,90,UW_102,78000,0.061
CON-5554,ACC-1461,86570,1137,past due,VNDR_C,Equipment,ACH,60,UW_99,65k,5.2%
CON-5555,ACC-1168,$40797,1824,past due,vndr_c,Equipment,Autopay ,30,UW_45,112k,4.9%
CON-5556,ACC-1421,51140,2219, Paid ,vndr_b,Equipment,ACH,90,UW_45,159000,4.0%
CON-5557,ACC-1107,149387,2743,Current,VNDR_C,Equipment,Autopay,90,UW_102,58000,0.05
CON-5558,ACC-1224,37511,2643,CURRENT,VNDR_A,FLEET_TRUCK,Credit Card,,UW_99,68k,8.2%
CON-5559,ACC-1115,95103,2516, Paid ,vndr_c,FLEET_TRUCK,Autopay ,60,UW_45,22k,7.0%
CON-5560,ACC-1169,21092,3127,Paid,VNDR_C,Equipment,Autopay,90,UW_99,28000,0.047
CON-5561,ACC-1231,$117402,3417,past due,VNDR_A,Fleet_Car,ACH,,UW_99,118k,0.045
CON-5562,ACC-1197,23404,1962,Current,vndr_a,FLEET_TRUCK,ACH,90,UW_99,145k,0.049
CON-5563,ACC-1056,111639,1328,CURRENT,vndr_b,FLEET_TRUCK,ACH,90,UW_99,63k,8.1%
CON-5564,ACC-1309,49060,3155,past due,VNDR_C,Fleet_Car,Autopay,60,UW_99,99k,7.2%
CON-5565,ACC-1269,16951,2147,CURRENT,vndr_b,FLEET_TRUCK,Autopay,,UW_99,134k,0.058
CON-5566,ACC-1200,38882,3310,Current,vndr_b,Fleet_Car,Credit Card,,UW_45,136k,0.078
CON-5567,ACC-1022,128266,1781,Current,VNDR_B,Equipment,Autopay ,0,UW_45,66000,0.044
CON-5568,ACC-1039,71952,3894,Past Due,VNDR_C,FLEET_TRUCK,Autopay,90,UW_99,125000,0.065
CON-5569,ACC-1383,81261,2691, Paid ,VNDR_B,Equipment,Autopay,30,UW_102,31k,0.043
CON-5570,ACC-1237,$24902,2785, Paid ,VNDR_A,Fleet_Car,Credit Card,90,UW_99,49000,0.046
CON-5571,ACC-1150,138414,1308,CURRENT,vndr_c,FLEET_TRUCK,Credit Card,0,UW_45,61k,4.1%
CON-5572,ACC-1457,17938,3564,CURRENT,vndr_a,FLEET_TRUCK,ACH,,UW_45,59k,0.048
CON-5573,ACC-1193,41946,3942,Current,vndr_a,FLEET_TRUCK,Credit Card,30,UW_99,98k,6.7%
CON-5574,ACC-1112,19204,4413,Past Due,vndr_c,Fleet_Car,Credit Card,0,UW_102,23k,0.049
CON-5575,ACC-1478,$149348,3018, Paid ,vndr_b,Fleet_Car,Credit Card,30,UW_99,103k,0.068
CON-5576,ACC-1234,108474,1701,Past Due,vndr_c,FLEET_TRUCK,Autopay ,0,UW_99,23k,5.4%
CON-5577,ACC-1472,72294,4283,CURRENT,vndr_a,FLEET_TRUCK,ACH,,UW_102,147000,0.045
CON-5578,ACC-1162,116860,4287,Paid,vndr_b,Fleet_Car,Autopay ,0,UW_45,54k,0.069
CON-5579,ACC-1010,132679,3324,Past Due,VNDR_B,Fleet_Car,Autopay,30,UW_45,79000,7.2%
CON-5580,ACC-1328,$35811,955,Current,vndr_c,Equipment,Autopay,60,UW_99,115k,4.9%
CON-5581,ACC-1147,87909,3874,Past Due,vndr_a,Equipment,Autopay ,60,UW_99,30000,0.084
CON-5582,ACC-1446,68953,2362,CURRENT,VNDR_B,Fleet_Car,Autopay,0,UW_99,83000,7.1%
CON-5583,ACC-1064,$143881,1175,Current,VNDR_C,Equipment,Credit Card,30,UW_45,69k,0.085
CON-5584,ACC-1090,35490,3281,Current,VNDR_B,FLEET_TRUCK,Autopay,30,UW_102,139k,7.2%
CON-5585,ACC-1258,$141136,3296,Paid,vndr_b,Fleet_Car,Autopay,0,UW_102,112k,4.8%
CON-5586,ACC-1131,127039,2358, Paid ,VNDR_B,FLEET_TRUCK,Autopay ,90,UW_45,96000,0.047
CON-5587,ACC-1002,$141050,852,CURRENT,vndr_c,Equipment,Autopay ,90,UW_102,54000,0.049
CON-5588,ACC-1036,124004,2474,Past Due,VNDR_A,FLEET_TRUCK,Credit Card,30,UW_102,115k,0.054
CON-5589,ACC-1356,81914,1036,Paid,vndr_b,FLEET_TRUCK,Credit Card,30,UW_102,109000,0.062
CON-5590,ACC-1330,24045,1405,past due,VNDR_C,FLEET_TRUCK,Credit Card,60,UW_99,112000,0.07
CON-5591,ACC-1300,$57317,4490,Past Due,VNDR_C,Fleet_Car,Autopay,30,UW_102,43000,8.1%
CON-5592,ACC-1157,81288,3806, Paid ,vndr_c,Fleet_Car,ACH,,UW_102,148000,7.0%
CON-5593,ACC-1086,52411,4143, Paid ,VNDR_A,Fleet_Car,ACH,90,UW_45,73000,5.8%
CON-5594,ACC-1101,124272,2792,Current,VNDR_C,Fleet_Car,Autopay,,UW_99,130k,0.057
CON-5595,ACC-1446,63663,2474, Paid ,vndr_c,Equipment,ACH,30,UW_99,66000,0.049
CON-5596,ACC-1244,$91841,2787,Paid,VNDR_A,Fleet_Car,ACH,60,UW_99,51k,0.055
CON-5597,ACC-1492,$25973,3918,past due,vndr_b,FLEET_TRUCK,Autopay ,,UW_102,153000,0.057
CON-5598,ACC-1340,103224,2432, Paid ,VNDR_C,Fleet_Car,Autopay ,60,UW_99,107000,0.077
CON-5599,ACC-1308,15808,1303,CURRENT,VNDR_B,Equipment,Credit Card,60,UW_102,122000,8.0%
CON-5600,ACC-1164,139570,868,Paid,VNDR_B,Fleet_Car,Autopay ,90,UW_99,68k,0.069
CON-5601,ACC-1243,142018,3496,Paid,VNDR_A,Equipment,Autopay,60,UW_45,40k,0.082
CON-5602,ACC-1016,66138,1323, Paid ,VNDR_A,FLEET_TRUCK,Autopay,30,UW_102,153000,0.075
CON-5603,ACC-1337,45324,3666,Past Due,VNDR_A,FLEET_TRUCK,ACH,30,UW_102,158k,0.05
CON-5604,ACC-1343,115529,1304,Paid,vndr_a,Equipment,Autopay,0,UW_45,76000,0.07
CON-5605,ACC-1376,102241,3769, Paid ,vndr_c,Equipment,Autopay,30,UW_99,36000,0.057
CON-5606,ACC-1096,$82919,3849,Past Due,VNDR_C,FLEET_TRUCK,Credit Card,60,UW_102,42k,0.055
CON-5607,ACC-1394,15440,2295,Paid,vndr_a,Equipment,Credit Card,0,UW_102,157k,5.7%
CON-5608,ACC-1112,17408,2847,Paid,vndr_b,Fleet_Car,Autopay ,30,UW_45,137k,7.7%
CON-5609,ACC-1434,24003,3693,CURRENT,vndr_b,Equipment,Credit Card,90,UW_102,99000,7.1%
CON-5610,ACC-1478,$113751,4119,Current,vndr_c,Equipment,ACH,30,UW_102,105k,0.072
CON-5611,ACC-1347,117710,2739,past due,vndr_b,FLEET_TRUCK,ACH,,UW_45,60000,6.5%
CON-5612,ACC-1165,89197,3881,CURRENT,VNDR_A,Equipment,Autopay ,90,UW_45,69000,6.5%
CON-5613,ACC-1111,57911,4094,Paid,vndr_a,Equipment,ACH,60,UW_45,133000,5.3%
CON-5614,ACC-1086,41725,1030,Past Due,VNDR_B,FLEET_TRUCK,Credit Card,0,UW_99,57k,0.084
CON-5615,ACC-1123,103732,2424, Paid ,VNDR_B,Equipment,Credit Card,90,UW_45,58000,5.8%
CON-5616,ACC-1061,38491,1277,Past Due,VNDR_A,FLEET_TRUCK,Credit Card,0,UW_45,117k,6.9%
CON-5617,ACC-1330,140697,3678, Paid ,VNDR_B,Equipment,Credit Card,0,UW_102,44000,4.8%
CON-5618,ACC-1284,31645,4148,CURRENT,VNDR_C,FLEET_TRUCK,ACH,,UW_45,157k,7.7%
CON-5619,ACC-1306,47529,3647,Current,VNDR_A,Equipment,Autopay,60,UW_99,73000,8.0%
CON-5620,ACC-1385,$25261,943,Past Due,VNDR_A,Equipment,Autopay ,60,UW_45,72000,4.4%
CON-5621,ACC-1463,59984,4006,past due,vndr_c,Equipment,Autopay,30,UW_45,20k,0.042
CON-5622,ACC-1261,143566,1659,Paid,VNDR_A,Equipment,ACH,30,UW_99,153000,0.085
CON-5623,ACC-1183,$64302,1936,Current,vndr_c,Equipment,Autopay,0,UW_45,75000,6.7%
CON-5624,ACC-1217,81838,3644,Current,VNDR_C,Fleet_Car,ACH,60,UW_45,61k,4.4%
CON-5625,ACC-1403,65496,2576, Paid ,VNDR_A,Equipment,Credit Card,0,UW_102,150000,5.9%
CON-5626,ACC-1465,47668,2166,past due,vndr_a,Fleet_Car,Autopay ,0,UW_99,160k,5.5%
CON-5627,ACC-1089,113869,2956,Paid,VNDR_B,Equipment,Autopay,0,UW_45,76k,0.045
CON-5628,ACC-1087,106462,2102, Paid ,vndr_a,FLEET_TRUCK,Autopay,90,UW_45,92000,0.067
CON-5629,ACC-1290,48442,3812,past due,VNDR_A,Equipment,Autopay ,30,UW_45,151000,7.0%
CON-5630,ACC-1146,124640,1929, Paid ,VNDR_C,Equipment,Credit Card,60,UW_45,66k,5.6%
CON-5631,ACC-1039,37791,3789,Current,VNDR_A,Fleet_Car,ACH,0,UW_45,124000,0.078
CON-5632,ACC-1346,89934,2883,Paid,vndr_a,FLEET_TRUCK,Autopay,,UW_45,146000,0.04
CON-5633,ACC-1359,47687,2988,Paid,VNDR_B,Fleet_Car,ACH,,UW_102,68000,0.074
CON-5634,ACC-1068,59179,2904,past due,VNDR_A,FLEET_TRUCK,Autopay,90,UW_99,154000,4.8%
CON-5635,ACC-1392,112854,4313,Past Due,VNDR_B,FLEET_TRUCK,Autopay,60,UW_102,106000,0.051
CON-5636,ACC-1329,$70853,2911,Past Due,vndr_b,Equipment,Autopay,0,UW_102,120k,0.054
CON-5637,ACC-1369,16544,1562, Paid ,VNDR_B,Fleet_Car,ACH,90,UW_102,104k,4.5%
CON-5638,ACC-1003,$66785,1437,Paid,VNDR_B,Fleet_Car,Autopay,90,UW_102,151000,0.058
CON-5639,ACC-1336,93455,4238, Paid ,vndr_a,Fleet_Car,Autopay ,90,UW_99,66000,0.052
CON-5640,ACC-1215,109171,3847,past due,VNDR_A,Fleet_Car,Credit Card,90,UW_45,70k,5.3%
CON-5641,ACC-1166,$84677,3876, Paid ,VNDR_C,Equipment,Autopay,30,UW_99,145000,0.076
CON-5642,ACC-1121,43279,1013,Paid,VNDR_B,FLEET_TRUCK,ACH,90,UW_102,52k,0.063
CON-5643,ACC-1261,90881,1565,Current,VNDR_B,Fleet_Car,Autopay ,30,UW_45,41000,5.1%
CON-5644,ACC-1437,$127501,3221,Paid,vndr_c,Fleet_Car,Credit Card,0,UW_99,46000,6.3%
CON-5645,ACC-1046,$120193,4340,Past Due,vndr_b,FLEET_TRUCK,Autopay ,30,UW_99,69000,0.059
CON-5646,ACC-1137,103127,2289,past due,VNDR_B,Equipment,Autopay,30,UW_102,35000,6.9%
CON-5647,ACC-1241,$27466,1947,CURRENT,VNDR_A,FLEET_TRUCK,Credit Card,60,UW_102,20k,7.4%
CON-5648,ACC-1441,110310,1333,past due,VNDR_B,Equipment,Autopay ,,UW_45,48k,0.041
CON-5649,ACC-1066,112410,3378,Paid,VNDR_C,Fleet_Car,ACH,,UW_45,90k,0.057
CON-5650,ACC-1175,$64921,2034,Paid,vndr_b,Fleet_Car,Credit Card,0,UW_99,134000,0.043
CON-5651,ACC-1286,65254,2222,past due,vndr_b,Equipment,ACH,90,UW_99,84000,0.074
CON-5652,ACC-1495,141568,1328,past due,VNDR_A,Equipment,ACH,30,UW_45,148000,4.8%
CON-5653,ACC-1384,119200,2886, Paid ,VNDR_C,FLEET_TRUCK,Autopay,,UW_102,156000,8.4%
CON-5654,ACC-1475,$69244,4038,CURRENT,vndr_b,Equipment,Autopay ,60,UW_99,60000,6.7%
CON-5655,ACC-1020,92689,3419,Current,VNDR_B,Fleet_Car,Autopay ,0,UW_45,50k,4.2%
CON-5656,ACC-1309,80275,2311,past due,VNDR_A,Equipment,Autopay ,30,UW_102,73000,4.0%
CON-5657,ACC-1374,92305,1945,Current,VNDR_B,Fleet_Car,ACH,90,UW_45,34000,4.0%
CON-5658,ACC-1297,82461,3379, Paid ,vndr_a,FLEET_TRUCK,Credit Card,90,UW_102,72000,5.0%
CON-5659,ACC-1090,53884,1573,CURRENT,vndr_b,Equipment,Credit Card,60,UW_99,43k,0.061
CON-5660,ACC-1073,$96306,1095, Paid ,vndr_a,FLEET_TRUCK,Autopay,0,UW_45,65000,7.1%
CON-5661,ACC-1423,50990,855,Paid,VNDR_A,Fleet_Car,Credit Card,0,UW_102,23000,5.7%
CON-5662,ACC-1277,52391,3815,past due,vndr_c,Fleet_Car,Credit Card,30,UW_102,23000,0.04
CON-5663,ACC-1354,131477,1895,Paid,VNDR_C,Fleet_Car,ACH,0,UW_99,98k,4.7%
CON-5664,ACC-1218,$92788,2378,Current,VNDR_B,Equipment,Autopay ,30,UW_45,126k,8.1%
CON-5665,ACC-1489,115858,1954,past due,VNDR_A,Equipment,Autopay ,0,UW_102,48k,8.5%
CON-5666,ACC-1347,37230,2541,Current,vndr_c,Equipment,Autopay ,,UW_102,58k,0.064
CON-5667,ACC-1415,106327,3713,Past Due,VNDR_A,Fleet_Car,Credit Card,60,UW_99,89000,0.07
CON-5668,ACC-1372,117393,1940,Current,VNDR_A,FLEET_TRUCK,Credit Card,30,UW_102,142000,4.5%
CON-5669,ACC-1325,107434,2165,Current,vndr_c,Fleet_Car,Autopay,90,UW_45,128k,0.084
CON-5670,ACC-1297,145312,3728, Paid ,VNDR_C,Equipment,Credit Card,0,UW_99,146000,7.7%
CON-5671,ACC-1056,$109819,1044,past due,VNDR_B,Fleet_Car,Autopay ,90,UW_99,24k,6.1%
CON-5672,ACC-1360,125382,1386, Paid ,vndr_c,Fleet_Car,Autopay,60,UW_99,77k,0.046
CON-5673,ACC-1075,42789,2296,Current,VNDR_A,Fleet_Car,ACH,0,UW_45,38k,6.7%
CON-5674,ACC-1485,$124181,2026, Paid ,vndr_b,Equipment,Autopay ,90,UW_45,66k,0.046
CON-5675,ACC-1088,18462,2861,Current,VNDR_A,FLEET_TRUCK,Autopay,90,UW_45,59k,0.069
CON-5676,ACC-1139,82647,1176,CURRENT,vndr_b,Fleet_Car,Credit Card,90,UW_45,148k,0.05
CON-5677,ACC-1039,29679,4144,Paid,vndr_b,FLEET_TRUCK,Autopay ,90,UW_102,67000,0.084
CON-5678,ACC-1039,$58207,2285,CURRENT,VNDR_B,Fleet_Car,Credit Card,60,UW_99,115000,4.9%
CON-5679,ACC-1326,$42909,932,Current,VNDR_B,Fleet_Car,ACH,,UW_102,22000,0.054
CON-5680,ACC-1144,$26974,2430,CURRENT,vndr_a,FLEET_TRUCK,Autopay,60,UW_99,43000,4.0%
CON-5681,ACC-1300,40527,4060, Paid ,vndr_b,Equipment,ACH,60,UW_99,148k,7.6%
CON-5682,ACC-1452,54724,1683,Paid,vndr_c,Fleet_Car,Credit Card,,UW_45,40000,0.044
CON-5683,ACC-1220,104499,963,Paid,vndr_c,FLEET_TRUCK,Credit Card,30,UW_45,53k,0.056
CON-5684,ACC-1158,34660,3041,Past Due,vndr_b,Fleet_Car,Autopay,60,UW_99,147k,0.041
CON-5685,ACC-1363,$92491,3961, Paid ,VNDR_B,FLEET_TRUCK,Autopay ,90,UW_45,91000,5.6%
CON-5686,ACC-1438,51817,3338,Paid,vndr_a,FLEET_TRUCK,Autopay ,,UW_45,144k,7.9%
CON-5687,ACC-1349,97220,974,CURRENT,vndr_c,Fleet_Car,Credit Card,,UW_99,125000,0.052
CON-5688,ACC-1114,55517,2390, Paid ,vndr_c,Fleet_Car,Autopay ,90,UW_102,94k,0.066
CON-5689,ACC-1393,$136858,2574,Current,vndr_b,FLEET_TRUCK,ACH,60,UW_102,66000,0.081
CON-5690,ACC-1485,142479,2724,Current,vndr_c,Fleet_Car,Autopay ,,UW_99,141k,0.06
CON-5691,ACC-1108,$114689,4355,Past Due,vndr_c,FLEET_TRUCK,Autopay ,60,UW_45,112000,8.4%
CON-5692,ACC-1231,$61165,4368, Paid ,VNDR_C,Fleet_Car,Autopay ,30,UW_99,37k,0.044
CON-5693,ACC-1178,39232,2516, Paid ,vndr_b,Equipment,Credit Card,90,UW_102,129k,7.4%
CON-5694,ACC-1165,117010,3520,Paid,vndr_c,Equipment,Autopay ,0,UW_99,70k,0.07
CON-5695,ACC-1208,135234,1876,CURRENT,vndr_c,Fleet_Car,Autopay,30,UW_45,147000,0.045
CON-5696,ACC-1356,132788,3036,Current,VNDR_C,FLEET_TRUCK,Credit Card,60,UW_99,44k,7.4%
CON-5697,ACC-1157,65111,2856,Past Due,vndr_c,FLEET_TRUCK,Autopay,90,UW_102,23k,5.6%
CON-5698,ACC-1474,107203,1520, Paid ,vndr_b,FLEET_TRUCK,Credit Card,,UW_45,158k,8.4%
CON-5699,ACC-1324,57639,1960,Paid,VNDR_C,Fleet_Car,ACH,0,UW_99,117k,0.07
CON-5700,ACC-1278,19306,1208,Paid,vndr_b,Equipment,ACH,60,UW_102,125k,0.074
CON-5701,ACC-1486,70540,1309,past due,vndr_b,FLEET_TRUCK,Autopay,0,UW_102,136000,0.045
CON-5702,ACC-1407,73703,2498,Paid,vndr_a,Fleet_Car,Autopay,0,UW_99,88000,0.052
CON-5703,ACC-1162,$21880,2172,Current,VNDR_C,FLEET_TRUCK,Credit Card,,UW_102,115000,0.063
CON-5704,ACC-1065,65504,3406, Paid ,vndr_c,Fleet_Car,Autopay,60,UW_45,120000,0.076
CON-5705,ACC-1295,56535,4012, Paid ,vndr_c,FLEET_TRUCK,Credit Card,60,UW_99,45000,4.6%
CON-5706,ACC-1316,$39446,3698,CURRENT,VNDR_A,Equipment,Autopay,0,UW_45,131k,7.5%
CON-5707,ACC-1099,49222,2993,Current,vndr_c,FLEET_TRUCK,Autopay ,0,UW_102,111k,6.9%
CON-5708,ACC-1235,36748,3240,Past Due,VNDR_A,Fleet_Car,Autopay ,60,UW_99,25000,6.6%
CON-5709,ACC-1407,$39320,889, Paid ,VNDR_A,FLEET_TRUCK,ACH,30,UW_45,112000,4.9%
CON-5710,ACC-1152,125076,841,Current,vndr_c,Equipment,ACH,0,UW_102,100000,6.0%
CON-5711,ACC-1062,105907,1589,CURRENT,VNDR_A,Equipment,ACH,,UW_45,159k,6.3%
CON-5712,ACC-1112,54936,1141,Paid,vndr_c,Fleet_Car,Autopay ,60,UW_102,113k,5.0%
CON-5713,ACC-1414,67228,2830, Paid ,VNDR_C,FLEET_TRUCK,Credit Card,60,UW_99,109000,6.9%
CON-5714,ACC-1300,66872,2076,Current,vndr_a,Equipment,Autopay,90,UW_102,91000,0.045
CON-5715,ACC-1219,126080,1618,CURRENT,VNDR_B,FLEET_TRUCK,ACH,90,UW_99,89000,0.068
CON-5716,ACC-1330,23849,2972,past due,vndr_b,Fleet_Car,ACH,30,UW_102,84000,0.053
CON-5717,ACC-1074,127561,3992,past due,VNDR_A,Fleet_Car,Autopay ,0,UW_45,111k,5.0%
CON-5718,ACC-1308,101211,1669,CURRENT,vndr_a,Fleet_Car,Autopay ,,UW_45,102000,6.5%
CON-5719,ACC-1101,34614,1607,Past Due,vndr_b,FLEET_TRUCK,ACH,60,UW_102,127000,0.06
CON-5720,ACC-1010,$46263,1967,Past Due,vndr_c,Equipment,ACH,90,UW_102,63000,6.7%
CON-5721,ACC-1172,49356,3441,Past Due,VNDR_A,FLEET_TRUCK,ACH,90,UW_45,123k,0.064
CON-5722,ACC-1313,93904,992, Paid ,VNDR_B,Equipment,Autopay,90,UW_45,108k,6.5%
CON-5723,ACC-1053,46827,2122,Paid,vndr_c,FLEET_TRUCK,Credit Card,30,UW_99,46k,4.2%
CON-5724,ACC-1352,65111,4355,Past Due,VNDR_B,Fleet_Car,ACH,0,UW_102,114000,6.4%
CON-5725,ACC-1235,34671,1291,Current,VNDR_B,Fleet_Car,Autopay,90,UW_45,117k,4.8%
CON-5726,ACC-1164,47079,3964,Paid,vndr_b,Fleet_Car,ACH,60,UW_102,81000,0.07
CON-5727,ACC-1039,36704,1107, Paid ,VNDR_A,Fleet_Car,ACH,30,UW_102,82000,7.3%
CON-5728,ACC-1263,$115941,4316,past due,VNDR_B,Equipment,Autopay,30,UW_45,46k,0.077
CON-5729,ACC-1317,42698,2903,Current,vndr_b,Fleet_Car,ACH,60,UW_102,76000,5.7%
CON-5730,ACC-1123,58043,867, Paid ,vndr_a,FLEET_TRUCK,ACH,90,UW_45,46k,0.079
CON-5731,ACC-1077,133657,2425,CURRENT,vndr_b,Equipment,Autopay ,0,UW_102,50000,4.4%
CON-5732,ACC-1150,86457,1575, Paid ,vndr_a,Equipment,Autopay ,,UW_45,32000,7.3%
CON-5733,ACC-1112,144398,1271,Past Due,VNDR_A,Equipment,Autopay ,30,UW_99,47000,0.069
CON-5734,ACC-1450,41484,3633,past due,vndr_b,Fleet_Car,Credit Card,30,UW_102,123k,0.045
CON-5735,ACC-1358,90495,3348, Paid ,vndr_c,FLEET_TRUCK,Credit Card,30,UW_102,93000,0.044
CON-5736,ACC-1242,$33207,2552,past due,VNDR_A,Fleet_Car,Autopay ,0,UW_99,105000,4.6%
CON-5737,ACC-1056,17551,985,Past Due,VNDR_C,Equipment,Autopay ,30,UW_45,141000,6.2%
CON-5738,ACC-1171,$146896,2653, Paid ,vndr_c,FLEET_TRUCK,Autopay ,90,UW_102,57000,0.044
CON-5739,ACC-1339,110496,4310,CURRENT,vndr_b,Fleet_Car,Autopay ,,UW_45,110k,0.055
CON-5740,ACC-1254,$20433,926,Current,VNDR_C,Equipment,Autopay,60,UW_99,125000,7.0%
CON-5741,ACC-1347,$38402,3031, Paid ,VNDR_C,Fleet_Car,Autopay ,60,UW_102,116000,0.083
CON-5742,ACC-1175,117505,4216,CURRENT,VNDR_A,FLEET_TRUCK,Autopay,,UW_102,90k,0.042
CON-5743,ACC-1076,$90604,2942,past due,VNDR_C,Equipment,Credit Card,60,UW_102,22k,7.1%
CON-5744,ACC-1303,$90565,1305,Past Due,vndr_b,FLEET_TRUCK,ACH,90,UW_102,95k,4.2%
CON-5745,ACC-1340,$15168,3949,CURRENT,vndr_a,Fleet_Car,Autopay ,30,UW_45,55k,0.053
CON-5746,ACC-1127,66570,4124,Paid,vndr_c,FLEET_TRUCK,Autopay,90,UW_99,40k,0.041
CON-5747,ACC-1411,83487,3168,Current,vndr_c,Fleet_Car,Autopay ,30,UW_102,99k,0.06
CON-5748,ACC-1093,67303,2339, Paid ,VNDR_A,Fleet_Car,Autopay,60,UW_45,41k,8.2%
CON-5749,ACC-1467,108731,3089,Past Due,vndr_b,Fleet_Car,Credit Card,,UW_102,129k,8.3%
CON-5750,ACC-1150,78608,1019, Paid ,vndr_a,FLEET_TRUCK,ACH,90,UW_45,115k,0.064
CON-5751,ACC-1170,135644,3234,Past Due,VNDR_B,Equipment,Autopay,60,UW_99,41k,0.077
CON-5752,ACC-1073,46835,3102,Paid,vndr_b,Fleet_Car,Credit Card,30,UW_102,150000,4.2%
CON-5753,ACC-1034,96498,800,Current,VNDR_C,Fleet_Car,ACH,30,UW_99,21000,6.8%
CON-5754,ACC-1207,42159,2781,Current,vndr_a,Equipment,Autopay ,,UW_45,149k,4.3%
CON-5755,ACC-1419,130115,3849,Paid,vndr_a,Fleet_Car,Credit Card,90,UW_102,51k,6.9%
CON-5756,ACC-1200,91031,2380,Paid,VNDR_A,FLEET_TRUCK,Autopay,90,UW_99,45000,0.062
CON-5757,ACC-1330,22332,3464,Paid,VNDR_C,FLEET_TRUCK,ACH,60,UW_99,50000,4.0%
CON-5758,ACC-1438,137659,4326,CURRENT,vndr_a,FLEET_TRUCK,Autopay,,UW_99,137k,8.4%
CON-5759,ACC-1439,60743,4022,Current,VNDR_B,Equipment,Autopay ,90,UW_99,110000,6.5%
CON-5760,ACC-1259,141810,3976,Paid,VNDR_C,FLEET_TRUCK,Credit Card,60,UW_45,140000,0.048
CON-5761,ACC-1118,106251,1195,Paid,VNDR_A,FLEET_TRUCK,Autopay,60,UW_99,123k,0.041
CON-5762,ACC-1472,$77027,1063,Past Due,VNDR_C,FLEET_TRUCK,ACH,0,UW_45,64000,0.057
CON-5763,ACC-1164,34105,1240,Paid,vndr_b,FLEET_TRUCK,Credit Card,,UW_45,115000,0.078
CON-5764,ACC-1082,$67359,2577,CURRENT,vndr_a,Fleet_Car,ACH,0,UW_99,145k,5.3%
CON-5765,ACC-1036,23713,2195,Current,vndr_c,Equipment,Autopay,30,UW_99,21k,0.058
CON-5766,ACC-1034,139186,2597, Paid ,vndr_c,FLEET_TRUCK,ACH,,UW_99,111000,6.5%
CON-5767,ACC-1276,48342,2155,Past Due,vndr_a,FLEET_TRUCK,Autopay ,90,UW_45,96k,6.2%
CON-5768,ACC-1436,$108822,2920,CURRENT,VNDR_C,FLEET_TRUCK,Autopay,,UW_99,60000,0.043
CON-5769,ACC-1102,44065,2170,Past Due,vndr_a,Fleet_Car,Autopay ,0,UW_99,87000,4.1%
CON-5770,ACC-1378,$144382,3308,Past Due,VNDR_C,FLEET_TRUCK,Credit Card,60,UW_45,29k,4.3%
CON-5771,ACC-1155,$25942,4001,Current,VNDR_A,Fleet_Car,ACH,30,UW_45,147000,6.9%
CON-5772,ACC-1356,114454,1312, Paid ,vndr_c,FLEET_TRUCK,Credit Card,0,UW_102,24000,0.042
CON-5773,ACC-1121,45931,1750,Past Due,VNDR_C,Fleet_Car,Credit Card,90,UW_45,114k,0.055
CON-5774,ACC-1029,27000,1319, Paid ,vndr_a,FLEET_TRUCK,ACH,60,UW_102,23000,5.1%
CON-5775,ACC-1039,79027,1112,past due,VNDR_C,Fleet_Car,Autopay,60,UW_99,53000,6.2%
CON-5776,ACC-1269,131271,4457,past due,VNDR_B,Equipment,ACH,0,UW_102,113000,0.053
CON-5777,ACC-1499,122697,2933,Current,VNDR_B,Equipment,Credit Card,0,UW_102,144k,4.9%
CON-5778,ACC-1058,$52214,887, Paid ,VNDR_A,FLEET_TRUCK,Autopay ,,UW_102,80000,6.9%
CON-5779,ACC-1009,93751,4333, Paid ,vndr_b,FLEET_TRUCK,ACH,30,UW_99,41k,7.8%
CON-5780,ACC-1390,$114438,2224,Past Due,VNDR_C,FLEET_TRUCK,Autopay ,,UW_99,130000,7.0%
CON-5781,ACC-1385,22168,1033,Past Due,VNDR_C,FLEET_TRUCK,Autopay ,,UW_102,131000,0.075
CON-5782,ACC-1473,126105,1775,Current,VNDR_A,FLEET_TRUCK,Autopay ,0,UW_99,152k,8.3%
CON-5783,ACC-1128,92548,4004,Paid,VNDR_C,Fleet_Car,ACH,60,UW_45,121k,5.2%
CON-5784,ACC-1018,99145,2269, Paid ,vndr_c,Equipment,Credit Card,90,UW_99,65k,4.1%
CON-5785,ACC-1402,35852,1931,past due,vndr_b,Fleet_Car,Credit Card,30,UW_99,100000,6.0%
CON-5786,ACC-1162,27997,971,CURRENT,vndr_c,Fleet_Car,ACH,60,UW_102,29k,6.3%
CON-5787,ACC-1055,19225,1117,CURRENT,vndr_b,Fleet_Car,ACH,30,UW_99,110000,4.2%
CON-5788,ACC-1012,100403,2137,CURRENT,VNDR_B,FLEET_TRUCK,Autopay,60,UW_102,126k,5.9%
CON-5789,ACC-1302,92086,904,Past Due,VNDR_C,Fleet_Car,Autopay ,,UW_45,61k,5.3%
CON-5790,ACC-1336,148216,3774,Current,vndr_b,Equipment,ACH,0,UW_99,108000,0.057
CON-5791,ACC-1449,146988,2961,Past Due,VNDR_C,FLEET_TRUCK,Autopay,60,UW_102,160000,6.4%
CON-5792,ACC-1185,66124,1745, Paid ,VNDR_B,Equipment,ACH,30,UW_102,95000,0.055
CON-5793,ACC-1247,122459,3278,Current,vndr_b,FLEET_TRUCK,Credit Card,,UW_99,110000,4.3%
CON-5794,ACC-1407,79210,1975,past due,VNDR_B,Fleet_Car,ACH,90,UW_102,124000,0.07
CON-5795,ACC-1448,147389,2659,Past Due,vndr_a,Fleet_Car,Autopay,60,UW_45,146000,0.075
CON-5796,ACC-1085,138171,1099,Current,VNDR_C,Equipment,Autopay,90,UW_102,52000,7.8%
CON-5797,ACC-1459,48411,2178,CURRENT,VNDR_C,Equipment,ACH,0,UW_99,81000,0.045
CON-5798,ACC-1387,108050,2754,Paid,vndr_a,Equipment,Credit Card,,UW_45,124000,7.3%
CON-5799,ACC-1194,$36964,2112, Paid ,vndr_a,Equipment,Autopay ,0,UW_99,21000,0.057
CON-5800,ACC-1432,92948,2547,past due,VNDR_B,FLEET_TRUCK,Autopay ,30,UW_99,32000,0.08
CON-5801,ACC-1160,25992,1207,past due,VNDR_B,Fleet_Car,ACH,60,UW_102,73k,0.053
CON-5802,ACC-1385,142568,1234,Current,vndr_c,FLEET_TRUCK,Credit Card,0,UW_99,63k,0.081
CON-5803,ACC-1275,148352,4072,Current,VNDR_A,FLEET_TRUCK,ACH,60,UW_99,27000,0.042
CON-5804,ACC-1151,88882,1248,Paid,vndr_c,Fleet_Car,Autopay,90,UW_102,129000,0.063
CON-5805,ACC-1181,$83958,4091,Past Due,vndr_c,Fleet_Car,ACH,60,UW_99,55000,7.3%
CON-5806,ACC-1361,147922,3617,past due,VNDR_A,FLEET_TRUCK,ACH,,UW_102,136000,0.063
CON-5807,ACC-1300,64911,2340,Current,vndr_c,Fleet_Car,Autopay ,90,UW_99,29000,6.8%
CON-5808,ACC-1486,142010,2914,Paid,vndr_c,Fleet_Car,ACH,90,UW_99,147k,0.049
CON-5809,ACC-1314,143631,2357,Paid,VNDR_C,Fleet_Car,Autopay ,90,UW_45,73000,0.042
CON-5810,ACC-1322,62202,2406,CURRENT,VNDR_B,Equipment,Autopay,60,UW_99,79000,7.0%
CON-5811,ACC-1217,$72391,1274,Current,vndr_b,FLEET_TRUCK,ACH,60,UW_45,93k,6.0%
CON-5812,ACC-1351,119356,1761,Past Due,VNDR_B,FLEET_TRUCK,Credit Card,90,UW_99,143000,0.079
CON-5813,ACC-1133,99722,1023,past due,vndr_b,Equipment,Credit Card,60,UW_45,101k,7.6%
CON-5814,ACC-1399,26961,3361,Past Due,VNDR_C,Equipment,Autopay ,30,UW_45,124k,0.079
CON-5815,ACC-1467,20221,2244,CURRENT,VNDR_A,Equipment,ACH,,UW_99,25000,0.044
CON-5816,ACC-1148,109921,4082,Current,VNDR_B,FLEET_TRUCK,Autopay,30,UW_45,60000,0.058
CON-5817,ACC-1256,80196,2429, Paid ,VNDR_A,Fleet_Car,Autopay ,60,UW_99,29000,0.074
CON-5818,ACC-1193,75294,3484, Paid ,vndr_a,Equipment,Autopay ,0,UW_99,83k,0.074
CON-5819,ACC-1470,34369,1421,Past Due,vndr_c,Equipment,Autopay,30,UW_45,126k,0.073
CON-5820,ACC-1103,96838,1208,past due,vndr_c,Equipment,Autopay,90,UW_102,128000,4.1%
CON-5821,ACC-1273,$127599,2875,Current,vndr_b,Fleet_Car,Autopay,90,UW_102,124000,0.062
CON-5822,ACC-1288,43391,1246,Paid,VNDR_B,FLEET_TRUCK,Credit Card,0,UW_99,26k,5.0%
CON-5823,ACC-1429,59369,2739,CURRENT,vndr_c,Equipment,Credit Card,0,UW_102,145000,4.4%
CON-5824,ACC-1306,81066,2465,Past Due,VNDR_B,Equipment,Credit Card,,UW_102,106000,0.042
CON-5825,ACC-1439,146023,3829,Paid,VNDR_A,Fleet_Car,Autopay,0,UW_102,80k,0.072
CON-5826,ACC-1445,48366,1265,Past Due,vndr_b,FLEET_TRUCK,Credit Card,,UW_102,61000,4.5%
CON-5827,ACC-1150,51664,3748,Paid,VNDR_B,Equipment,Autopay ,,UW_102,160k,4.0%
CON-5828,ACC-1190,$58501,2927,CURRENT,VNDR_B,FLEET_TRUCK,Autopay,30,UW_102,153000,0.076
CON-5829,ACC-1034,$50478,822,past due,vndr_c,Fleet_Car,Credit Card,0,UW_45,141k,5.9%
CON-5830,ACC-1325,135217,3090,Current,VNDR_B,Equipment,ACH,30,UW_102,35000,6.7%
CON-5831,ACC-1206,89498,1843,CURRENT,VNDR_C,Equipment,Credit Card,0,UW_45,129000,0.054
CON-5832,ACC-1408,$54956,2939,CURRENT,vndr_c,FLEET_TRUCK,Autopay ,,UW_45,75k,5.2%
CON-5833,ACC-1110,87676,1174,CURRENT,vndr_a,Fleet_Car,Credit Card,90,UW_99,141k,4.0%
CON-5834,ACC-1241,$99761,2139,past due,VNDR_C,Fleet_Car,Credit Card,,UW_102,33k,7.6%
CON-5835,ACC-1040,113909,4417,CURRENT,vndr_a,Fleet_Car,Autopay ,30,UW_102,141k,7.8%
CON-5836,ACC-1178,130775,1529,Past Due,VNDR_B,FLEET_TRUCK,Autopay ,90,UW_99,84000,6.5%
CON-5837,ACC-1184,65065,2954,Current,VNDR_A,Equipment,Autopay ,60,UW_99,65000,8.5%
CON-5838,ACC-1140,111696,3428, Paid ,vndr_b,Fleet_Car,Autopay ,60,UW_45,148000,6.7%
CON-5839,ACC-1323,30001,2661, Paid ,vndr_a,FLEET_TRUCK,ACH,0,UW_102,27000,0.082
CON-5840,ACC-1042,22559,2518,Past Due,VNDR_A,FLEET_TRUCK,ACH,60,UW_99,59000,0.048
CON-5841,ACC-1344,87739,4274,past due,vndr_c,Fleet_Car,Autopay ,,UW_99,69000,7.3%
CON-5842,ACC-1373,120689,1892,Past Due,vndr_a,FLEET_TRUCK,ACH,60,UW_45,35k,0.077
CON-5843,ACC-1001,67083,2074,past due,VNDR_C,FLEET_TRUCK,ACH,60,UW_102,124k,0.074
CON-5844,ACC-1044,37569,1560,past due,VNDR_C,Equipment,ACH,30,UW_99,138k,8.1%
CON-5845,ACC-1428,72023,3588,Paid,vndr_a,Equipment,Credit Card,60,UW_99,137k,7.3%
CON-5846,ACC-1427,114433,1571,past due,vndr_a,Fleet_Car,Autopay ,60,UW_45,65k,6.5%
CON-5847,ACC-1267,130238,2641,Paid,vndr_c,Fleet_Car,ACH,,UW_102,145k,0.056
CON-5848,ACC-1349,55816,4061,past due,vndr_a,FLEET_TRUCK,Autopay ,0,UW_45,73000,0.06
CON-5849,ACC-1323,70239,1563, Paid ,vndr_a,FLEET_TRUCK,Autopay ,60,UW_45,139k,0.081
CON-5850,ACC-1461,114066,832,Current,vndr_b,FLEET_TRUCK,Autopay ,60,UW_45,28k,4.5%
CON-5851,ACC-1011,$41268,2598,CURRENT,vndr_b,Equipment,Autopay,90,UW_102,111k,6.1%
CON-5852,ACC-1020,78855,4393,Current,VNDR_C,Fleet_Car,Autopay,90,UW_102,115000,6.2%
CON-5853,ACC-1494,120054,3657,CURRENT,vndr_a,Equipment,Credit Card,30,UW_45,61000,0.082
CON-5854,ACC-1410,102332,2217, Paid ,vndr_b,Fleet_Car,Autopay,0,UW_45,33000,0.054
CON-5855,ACC-1104,53663,2588,Past Due,vndr_c,Fleet_Car,Credit Card,,UW_102,64k,4.4%
CON-5856,ACC-1108,16296,2734,Paid,vndr_b,FLEET_TRUCK,Credit Card,0,UW_102,108k,6.5%
CON-5857,ACC-1345,48686,3791, Paid ,VNDR_C,FLEET_TRUCK,ACH,60,UW_102,54k,5.5%
CON-5858,ACC-1421,22050,806,CURRENT,VNDR_C,FLEET_TRUCK,ACH,30,UW_99,65000,5.7%
CON-5859,ACC-1092,$146058,2543,Current,VNDR_B,FLEET_TRUCK,Autopay,90,UW_99,74k,4.4%
CON-5860,ACC-1054,83424,2704,Past Due,VNDR_B,Equipment,ACH,90,UW_99,127k,0.058
CON-5861,ACC-1491,57174,3545, Paid ,vndr_b,Fleet_Car,Autopay ,90,UW_102,149k,6.0%
CON-5862,ACC-1432,45397,2991,past due,VNDR_A,Fleet_Car,Autopay,,UW_102,135000,0.075
CON-5863,ACC-1263,$35973,4129,CURRENT,vndr_c,FLEET_TRUCK,Autopay,0,UW_102,106000,7.2%
CON-5864,ACC-1189,$88849,1833, Paid ,VNDR_B,Equipment,Autopay ,0,UW_45,145k,0.042
CON-5865,ACC-1018,$85054,3240,Past Due,VNDR_B,Equipment,ACH,,UW_45,111k,6.0%
CON-5866,ACC-1252,118865,2565,past due,VNDR_B,FLEET_TRUCK,Credit Card,,UW_45,41000,4.6%
CON-5867,ACC-1326,$135171,4127,Past Due,vndr_b,Equipment,ACH,60,UW_45,103k,0.047
CON-5868,ACC-1380,94163,4416,Past Due,vndr_b,Fleet_Car,Credit Card,,UW_102,25k,0.074
CON-5869,ACC-1191,94482,3148, Paid ,vndr_a,FLEET_TRUCK,Autopay ,30,UW_102,158000,0.051
CON-5870,ACC-1208,146481,1648,Past Due,vndr_b,Equipment,Credit Card,60,UW_102,122000,7.1%
CON-5871,ACC-1113,136226,1061,CURRENT,VNDR_B,Equipment,Autopay,,UW_102,101k,0.05
CON-5872,ACC-1177,101180,4169, Paid ,vndr_a,FLEET_TRUCK,Autopay,30,UW_45,141000,4.1%
CON-5873,ACC-1040,59567,3386, Paid ,VNDR_C,FLEET_TRUCK,ACH,30,UW_45,85k,0.07
CON-5874,ACC-1299,111781,1482,CURRENT,VNDR_B,Equipment,Autopay,90,UW_99,100k,6.1%
CON-5875,ACC-1193,89419,3286,Past Due,VNDR_A,FLEET_TRUCK,Credit Card,30,UW_99,145000,0.057
CON-5876,ACC-1281,$90851,2473,past due,vndr_a,FLEET_TRUCK,Autopay ,60,UW_102,60000,0.084
CON-5877,ACC-1206,42692,2826, Paid ,VNDR_B,FLEET_TRUCK,Credit Card,30,UW_102,101000,6.4%
CON-5878,ACC-1050,$90604,2370,CURRENT,vndr_c,FLEET_TRUCK,Autopay,90,UW_99,105000,0.07
CON-5879,ACC-1292,22612,3798, Paid ,VNDR_A,FLEET_TRUCK,Credit Card,30,UW_45,55000,6.3%
CON-5880,ACC-1199,138709,3061,CURRENT,vndr_a,Fleet_Car,Autopay,60,UW_45,114k,0.067
CON-5881,ACC-1105,$77735,3165, Paid ,vndr_b,Fleet_Car,Autopay,30,UW_99,71k,0.053
CON-5882,ACC-1465,135954,1452,Current,vndr_b,Equipment,ACH,0,UW_45,48000,0.078
CON-5883,ACC-1036,23473,4007, Paid ,VNDR_B,Equipment,ACH,,UW_45,124000,0.085
CON-5884,ACC-1393,21218,963,past due,vndr_b,Equipment,Autopay,90,UW_99,35k,0.058
CON-5885,ACC-1369,$42164,1492,past due,vndr_b,Equipment,Autopay ,30,UW_99,87000,0.066
CON-5886,ACC-1363,141508,2813,Current,VNDR_B,FLEET_TRUCK,Autopay ,90,UW_102,44k,7.1%
CON-5887,ACC-1147,133063,906,Current,VNDR_B,Equipment,Autopay ,60,UW_102,90000,7.4%
CON-5888,ACC-1380,56498,4098,Paid,vndr_a,Fleet_Car,Autopay ,90,UW_102,98k,6.0%
CON-5889,ACC-1186,$74747,3753,CURRENT,vndr_c,Equipment,Autopay,90,UW_45,74000,4.7%
CON-5890,ACC-1193,59671,4344, Paid ,vndr_c,Fleet_Car,Autopay,30,UW_102,59000,0.063
CON-5891,ACC-1142,$114581,3292,Paid,VNDR_A,Equipment,Credit Card,60,UW_102,36k,5.4%
CON-5892,ACC-1268,135408,4478,Current,vndr_c,Fleet_Car,Autopay ,0,UW_102,23000,0.078
CON-5893,ACC-1379,40910,3002,Past Due,VNDR_A,FLEET_TRUCK,Credit Card,30,UW_102,149k,0.065
CON-5894,ACC-1311,62889,1888,CURRENT,VNDR_B,Fleet_Car,Credit Card,0,UW_99,82k,7.2%
CON-5895,ACC-1050,$94366,2999,Past Due,VNDR_B,Equipment,ACH,30,UW_102,78k,7.4%
CON-5896,ACC-1249,45515,2028,CURRENT,VNDR_A,Equipment,Autopay,0,UW_45,141k,6.4%
CON-5897,ACC-1000,131035,1831, Paid ,VNDR_C,FLEET_TRUCK,Autopay,30,UW_102,69000,0.069
CON-5898,ACC-1127,147983,2197,past due,vndr_c,Equipment,Autopay ,90,UW_99,92000,0.053
CON-5899,ACC-1091,62757,1068, Paid ,vndr_c,FLEET_TRUCK,ACH,90,UW_102,101000,6.3%
CON-5900,ACC-1163,$62882,3939,CURRENT,vndr_b,Fleet_Car,Autopay ,,UW_99,47000,0.05
CON-5901,ACC-1312,55526,3513,Current,VNDR_B,Equipment,Autopay,,UW_102,69000,0.075
CON-5902,ACC-1074,85617,2054,past due,vndr_c,FLEET_TRUCK,Autopay ,90,UW_102,87k,7.9%
CON-5903,ACC-1209,126489,2248,Paid,vndr_a,FLEET_TRUCK,Autopay ,0,UW_45,126k,8.2%
CON-5904,ACC-1404,68008,2366,past due,VNDR_C,Equipment,Credit Card,30,UW_45,85k,5.7%
CON-5905,ACC-1245,146843,3754,CURRENT,vndr_b,Fleet_Car,Autopay,90,UW_99,90k,5.1%
CON-5906,ACC-1275,88437,2313, Paid ,VNDR_B,Fleet_Car,Autopay,30,UW_45,116k,4.3%
CON-5907,ACC-1293,34395,1619,CURRENT,VNDR_A,FLEET_TRUCK,Credit Card,60,UW_45,125000,0.079
CON-5908,ACC-1445,83345,4019,Paid,vndr_c,Equipment,Autopay ,60,UW_102,94000,0.046
CON-5909,ACC-1497,$71311,3683,past due,VNDR_B,Equipment,ACH,30,UW_99,139k,5.6%
CON-5910,ACC-1262,122683,2329,Past Due,VNDR_C,FLEET_TRUCK,ACH,,UW_102,144000,7.7%
CON-5911,ACC-1498,143977,3086,Past Due,VNDR_C,Fleet_Car,ACH,,UW_102,105000,0.073
CON-5912,ACC-1378,65040,1423,Paid,VNDR_B,Fleet_Car,Credit Card,,UW_102,130000,0.061
CON-5913,ACC-1319,134025,4192, Paid ,VNDR_A,Fleet_Car,Credit Card,60,UW_102,130000,5.8%
CON-5914,ACC-1334,54451,3525,Current,VNDR_C,FLEET_TRUCK,Credit Card,30,UW_99,77000,0.075
CON-5915,ACC-1399,69039,1321,CURRENT,VNDR_B,Fleet_Car,Autopay ,60,UW_99,45k,0.067
CON-5916,ACC-1111,69737,3963,past due,VNDR_A,Fleet_Car,Autopay,0,UW_102,61k,0.052
CON-5917,ACC-1105,21664,3957, Paid ,VNDR_C,Fleet_Car,ACH,30,UW_45,73k,6.0%
CON-5918,ACC-1383,$46903,2097, Paid ,vndr_a,Fleet_Car,ACH,,UW_102,73k,0.062
CON-5919,ACC-1215,140299,2439,Past Due,VNDR_B,FLEET_TRUCK,Autopay ,0,UW_102,48000,4.1%
CON-5920,ACC-1008,93825,1925,Paid,vndr_c,FLEET_TRUCK,ACH,30,UW_99,41000,0.076
CON-5921,ACC-1019,61493,1050,CURRENT,vndr_a,Equipment,Autopay ,60,UW_45,52000,4.6%
CON-5922,ACC-1379,123757,4115,Paid,vndr_a,FLEET_TRUCK,ACH,30,UW_99,127k,0.082
CON-5923,ACC-1164,145431,916,Past Due,VNDR_B,Fleet_Car,Autopay,0,UW_45,123000,8.1%
CON-5924,ACC-1086,52838,1447,Past Due,VNDR_A,FLEET_TRUCK,Credit Card,0,UW_102,31000,0.074
CON-5925,ACC-1225,$32386,1350,CURRENT,vndr_c,Fleet_Car,Autopay ,90,UW_102,141k,0.059
CON-5926,ACC-1244,$82334,2818,Paid,VNDR_C,Fleet_Car,Credit Card,30,UW_45,158k,0.068
CON-5927,ACC-1206,49028,1956,CURRENT,VNDR_A,Fleet_Car,Credit Card,60,UW_99,56k,4.4%
CON-5928,ACC-1452,93933,1892,Current,VNDR_B,FLEET_TRUCK,Autopay ,30,UW_45,138000,0.063
CON-5929,ACC-1007,23971,1385,Paid,VNDR_A,Fleet_Car,Credit Card,90,UW_102,118000,0.076
CON-5930,ACC-1497,18070,3164, Paid ,vndr_b,Fleet_Car,Autopay,,UW_102,143000,0.048
CON-5931,ACC-1456,$130307,1563,past due,VNDR_B,FLEET_TRUCK,Autopay,0,UW_45,91000,6.3%
CON-5932,ACC-1493,104751,3025,Current,VNDR_A,Fleet_Car,Autopay,0,UW_99,87k,0.056
CON-5933,ACC-1042,$92519,4351,CURRENT,vndr_a,FLEET_TRUCK,Credit Card,30,UW_45,108k,0.06
CON-5934,ACC-1077,73158,3105,CURRENT,VNDR_C,Fleet_Car,Autopay ,,UW_99,70000,0.056
CON-5935,ACC-1115,58713,4253,Paid,vndr_a,Equipment,Autopay,30,UW_102,45000,0.069
CON-5936,ACC-1457,27822,2751, Paid ,VNDR_B,Fleet_Car,Autopay ,0,UW_99,122k,0.081
CON-5937,ACC-1034,80884,1042, Paid ,vndr_a,Fleet_Car,Autopay,30,UW_99,99k,0.073
CON-5938,ACC-1036,117560,1726,past due,vndr_a,FLEET_TRUCK,ACH,,UW_45,127k,0.049
CON-5939,ACC-1060,54805,2932,past due,VNDR_C,Fleet_Car,Autopay,30,UW_45,56000,7.4%
CON-5940,ACC-1450,129890,3889,Paid,VNDR_B,FLEET_TRUCK,ACH,90,UW_102,51000,6.7%
CON-5941,ACC-1406,44579,2795,past due,vndr_a,Equipment,ACH,0,UW_45,129000,0.079
CON-5942,ACC-1326,110040,1230,past due,vndr_c,Equipment,Autopay ,60,UW_45,146000,8.3%
CON-5943,ACC-1412,148122,2788,Current,VNDR_C,FLEET_TRUCK,Credit Card,,UW_102,84000,4.4%
CON-5944,ACC-1265,$84665,4365,Paid,vndr_b,Fleet_Car,ACH,,UW_45,144000,7.8%
CON-5945,ACC-1363,40841,3273, Paid ,vndr_b,Equipment,ACH,60,UW_45,50000,0.051
CON-5946,ACC-1381,130407,3985, Paid ,vndr_c,Fleet_Car,Credit Card,,UW_99,153k,0.058
CON-5947,ACC-1373,21329,2670,past due,VNDR_B,Equipment,Autopay ,60,UW_99,104k,0.081
CON-5948,ACC-1393,87517,4050,Current,vndr_a,Equipment,Autopay ,90,UW_102,32k,0.071
CON-5949,ACC-1428,60103,1732,past due,VNDR_B,Fleet_Car,ACH,90,UW_102,42k,0.068
CON-5950,ACC-1172,145336,4100, Paid ,VNDR_B,Fleet_Car,Credit Card,60,UW_99,117k,7.9%
CON-5951,ACC-1387,$44223,3093,CURRENT,vndr_a,FLEET_TRUCK,ACH,30,UW_99,99000,0.072
CON-5952,ACC-1181,38735,2425,Current,vndr_b,Fleet_Car,Autopay ,,UW_45,123000,4.7%
CON-5953,ACC-1341,36551,1921,Past Due,vndr_b,Fleet_Car,Credit Card,30,UW_99,77k,0.042
CON-5954,ACC-1439,130436,3307, Paid ,vndr_b,FLEET_TRUCK,Credit Card,90,UW_99,75k,0.053
CON-5955,ACC-1411,119757,4083,past due,vndr_b,FLEET_TRUCK,Autopay ,30,UW_102,119000,0.072
CON-5956,ACC-1407,$108604,3004,CURRENT,vndr_a,Fleet_Car,Autopay,,UW_102,54k,0.077
CON-5957,ACC-1283,42474,4163,Current,vndr_b,FLEET_TRUCK,ACH,90,UW_45,78000,0.072
CON-5958,ACC-1229,129785,3089,Paid,VNDR_A,FLEET_TRUCK,Autopay,30,UW_99,131k,8.5%
CON-5959,ACC-1365,$107907,3248, Paid ,vndr_b,Equipment,Credit Card,90,UW_99,90000,0.083
CON-5960,ACC-1484,133518,2467,Current,VNDR_C,Equipment,Autopay ,0,UW_45,97k,0.066
CON-5961,ACC-1032,28886,2969, Paid ,vndr_c,Fleet_Car,Credit Card,30,UW_45,111000,7.5%
CON-5962,ACC-1045,62013,1185, Paid ,VNDR_C,Equipment,Autopay,90,UW_102,27000,6.2%
CON-5963,ACC-1220,$139363,4400,past due,vndr_b,Fleet_Car,Credit Card,60,UW_102,107k,5.4%
CON-5964,ACC-1010,67587,4401,CURRENT,VNDR_A,Equipment,ACH,60,UW_99,40k,0.074
CON-5965,ACC-1409,$59174,3126,CURRENT,VNDR_B,Fleet_Car,Credit Card,30,UW_45,155k,5.5%
CON-5966,ACC-1079,$145600,3256,past due,VNDR_C,Fleet_Car,Autopay,30,UW_45,75000,0.044
CON-5967,ACC-1490,54020,4050,Past Due,VNDR_B,FLEET_TRUCK,ACH,60,UW_45,133k,0.042
CON-5968,ACC-1313,62295,2181, Paid ,vndr_c,Equipment,Autopay,90,UW_99,62000,0.062
CON-5969,ACC-1406,32160,2455,Past Due,VNDR_B,Fleet_Car,Autopay,,UW_99,113k,8.3%
CON-5970,ACC-1267,38842,2414,CURRENT,vndr_c,Fleet_Car,Autopay ,60,UW_99,102000,0.065
CON-5971,ACC-1042,132415,2808,Past Due,vndr_b,Fleet_Car,Autopay ,,UW_102,94000,5.9%
CON-5972,ACC-1021,116923,1570,Past Due,VNDR_B,Equipment,Credit Card,60,UW_45,93000,0.071
CON-5973,ACC-1275,27571,1014,Paid,vndr_b,Equipment,Credit Card,,UW_102,32000,5.7%
CON-5974,ACC-1163,26723,1098,Paid,vndr_a,FLEET_TRUCK,Credit Card,,UW_45,45k,4.8%
CON-5975,ACC-1002,$19087,1784,Paid,VNDR_B,Fleet_Car,Autopay,30,UW_102,117k,0.071
CON-5976,ACC-1472,$120371,2531,Paid,VNDR_C,Equipment,Autopay ,30,UW_45,56000,6.8%
CON-5977,ACC-1461,86464,1576, Paid ,VNDR_B,Equipment,ACH,90,UW_99,22k,5.9%
CON-5978,ACC-1405,$132736,2801,Past Due,vndr_a,Equipment,Autopay ,30,UW_45,77k,4.5%
CON-5979,ACC-1133,82239,1244,Past Due,vndr_b,Fleet_Car,ACH,,UW_102,121k,0.053
CON-5980,ACC-1426,$67635,2389,Current,VNDR_A,Equipment,ACH,30,UW_102,29k,4.5%
CON-5981,ACC-1257,112229,3940,Current,vndr_a,Equipment,Autopay ,0,UW_45,56k,0.075
CON-5982,ACC-1236,18725,1621,Paid,VNDR_A,FLEET_TRUCK,Autopay,30,UW_102,107000,5.1%
CON-5983,ACC-1012,$147538,4368, Paid ,VNDR_A,Fleet_Car,Autopay ,,UW_99,67000,0.055
CON-5984,ACC-1273,52581,871,CURRENT,vndr_c,Fleet_Car,Autopay ,60,UW_99,101k,7.1%
CON-5985,ACC-1198,52614,3948,CURRENT,VNDR_A,Fleet_Car,ACH,,UW_45,79k,4.0%
CON-5986,ACC-1315,$34378,2384, Paid ,vndr_c,Fleet_Car,Autopay,,UW_102,141000,6.9%
CON-5987,ACC-1450,105478,2275,Current,vndr_a,FLEET_TRUCK,Credit Card,90,UW_102,136k,8.0%
CON-5988,ACC-1210,57026,3710,CURRENT,vndr_a,FLEET_TRUCK,Credit Card,60,UW_99,25k,5.3%
CON-5989,ACC-1237,121376,2289,past due,VNDR_B,Equipment,Autopay,30,UW_45,126k,0.06
CON-5990,ACC-1401,68979,3334,past due,vndr_b,Equipment,Autopay,60,UW_45,68000,0.083
CON-5991,ACC-1463,95451,4211,CURRENT,vndr_b,Fleet_Car,Credit Card,30,UW_102,56k,6.4%
CON-5992,ACC-1105,56083,2380,CURRENT,vndr_c,Fleet_Car,Autopay ,,UW_99,152k,8.2%
CON-5993,ACC-1378,120349,1334, Paid ,VNDR_B,Equipment,ACH,0,UW_99,70k,5.4%
CON-5994,ACC-1182,$37478,1631,Paid,vndr_a,Fleet_Car,Autopay ,0,UW_102,33k,0.044
CON-5995,ACC-1051,97706,4086,CURRENT,vndr_a,Fleet_Car,Credit Card,90,UW_99,134k,7.2%
CON-5996,ACC-1127,$122395,1264,Paid,vndr_a,FLEET_TRUCK,ACH,0,UW_99,140000,0.053
CON-5997,ACC-1418,114863,2284, Paid ,VNDR_C,Equipment,Credit Card,90,UW_99,142k,0.041
CON-5998,ACC-1035,143913,1525,Current,VNDR_C,FLEET_TRUCK,Autopay,30,UW_99,108000,0.084
CON-5999,ACC-1181,66676,3269, Paid ,VNDR_A,Equipment,Autopay,30,UW_102,102k,0.076
