log_id,contract_id,current_stage,days_delayed_in_stage,last_ping_timestamp
LOG-8000,CON-5000,1,12,2026-05-12 08:00:00
LOG-8001,CON-5001,Stage 2,1,2026-05-06 10:00:00
LOG-8002,CON-5002,Stage 3,-999,2026-03-03 22:00:00
LOG-8003,CON-5003,Stage 3,27,2026-03-28 01:00:00
LOG-8004,CON-5004,Stage 1,42,2026-04-28 21:00:00
LOG-8005,CON-5005,Stage 1,2,2026-02-03 19:00:00
LOG-8006,CON-5006,Stage 2,1,2026-03-19 12:00:00
LOG-8007,CON-5007,Unknown,24,2026-04-10 01:00:00
LOG-8008,CON-5008,Stage 3,44,2026-04-07 10:00:00
LOG-8009,CON-5009,Stage 3,27,2026-04-15 22:00:00
LOG-8010,CON-5010,1,22,2026-07-04 08:00:00
LOG-8011,CON-5011,Stage 4,18,2026-03-10 02:00:00
LOG-8012,CON-5012,1,5,2026-06-20 10:00:00
LOG-8013,CON-5013,Stage 2,1,2026-02-02 03:00:00
LOG-8014,CON-5014,Stage 2,-999,2026-04-06 02:00:00
LOG-8015,CON-5015,Stage 1,15,2026-07-19 02:00:00
LOG-8016,CON-5016,Stage 3,-999,2026-01-04 23:00:00
LOG-8017,CON-5017,1,39,2026-01-19 04:00:00
LOG-8018,CON-5018,Unknown,29,2026-06-11 10:00:00
LOG-8019,CON-5019,Stage 2,7,2026-01-15 22:00:00
LOG-8020,CON-5020,Unknown,5,2026-02-17 02:00:00
LOG-8021,CON-5021,Stage 2,0,2026-04-21 21:00:00
LOG-8022,CON-5022,Stage 3,45,2026-01-21 12:00:00
LOG-8023,CON-5023,Unknown,12,2026-05-02 06:00:00
LOG-8024,CON-5024,Stage 4,38,2026-06-30 05:00:00
LOG-8025,CON-5025,Stage 4,43,2026-06-01 01:00:00
LOG-8026,CON-5026,Stage 2,0,2026-01-21 05:00:00
LOG-8027,CON-5027,Unknown,34,2026-05-28 06:00:00
LOG-8028,CON-5028,Stage 3,4,2026-02-18 05:00:00
LOG-8029,CON-5029,Unknown,14,2026-02-11 12:00:00
LOG-8030,CON-5030,1,18,2026-06-03 13:00:00
LOG-8031,CON-5031,Stage 3,13,2026-04-20 08:00:00
LOG-8032,CON-5032,Unknown,33,2026-01-02 20:00:00
LOG-8033,CON-5033,Stage 1,10,2026-01-17 01:00:00
LOG-8034,CON-5034,Stage 1,3,2026-06-08 13:00:00
LOG-8035,CON-5035,Unknown,45,2026-04-25 00:00:00
LOG-8036,CON-5036,Unknown,20,2026-05-31 11:00:00
LOG-8037,CON-5037,Stage 3,43,2026-01-17 18:00:00
LOG-8038,CON-5038,Unknown,20,2026-04-26 11:00:00
LOG-8039,CON-5039,Stage 4,23,2026-05-08 09:00:00
LOG-8040,CON-5040,Stage 2,12,2026-02-28 18:00:00
LOG-8041,CON-5041,Stage 4,-999,2026-04-01 13:00:00
LOG-8042,CON-5042,Stage 4,20,2026-04-14 14:00:00
LOG-8043,CON-5043,Stage 4,9,2026-07-08 12:00:00
LOG-8044,CON-5044,Unknown,8,2026-03-23 12:00:00
LOG-8045,CON-5045,Unknown,23,2026-01-04 13:00:00
LOG-8046,CON-5046,Stage 2,9,2026-06-01 05:00:00
LOG-8047,CON-5047,Stage 2,-999,2026-04-11 15:00:00
LOG-8048,CON-5048,Stage 4,12,2026-01-06 15:00:00
LOG-8049,CON-5049,Stage 2,35,2026-03-13 07:00:00
LOG-8050,CON-5050,Stage 2,31,2026-04-21 13:00:00
LOG-8051,CON-5051,Stage 1,42,2026-01-16 11:00:00
LOG-8052,CON-5052,Stage 4,-999,2026-03-24 22:00:00
LOG-8053,CON-5053,Stage 4,9,2026-03-02 16:00:00
LOG-8054,CON-5054,Stage 3,26,2026-05-06 00:00:00
LOG-8055,CON-5055,Unknown,21,2026-06-11 09:00:00
LOG-8056,CON-5056,Stage 2,39,2026-02-01 19:00:00
LOG-8057,CON-5057,Unknown,21,2026-07-05 11:00:00
LOG-8058,CON-5058,Stage 1,23,2026-05-25 15:00:00
LOG-8059,CON-5059,Stage 2,-999,2026-04-05 13:00:00
LOG-8060,CON-5060,Stage 3,20,2026-06-26 07:00:00
LOG-8061,CON-5061,Stage 3,30,2026-03-13 17:00:00
LOG-8062,CON-5062,Stage 2,21,2026-06-28 06:00:00
LOG-8063,CON-5063,Unknown,40,2026-05-27 07:00:00
LOG-8064,CON-5064,1,15,2026-03-05 15:00:00
LOG-8065,CON-5065,Stage 1,1,2026-03-22 16:00:00
LOG-8066,CON-5066,Stage 1,9,2026-06-09 10:00:00
LOG-8067,CON-5067,Stage 3,29,2026-06-04 23:00:00
LOG-8068,CON-5068,Stage 3,-999,2026-04-10 06:00:00
LOG-8069,CON-5069,Stage 4,23,2026-07-19 01:00:00
LOG-8070,CON-5070,Stage 3,40,2026-01-01 10:00:00
LOG-8071,CON-5071,Stage 3,30,2026-05-24 04:00:00
LOG-8072,CON-5072,1,31,2026-03-22 19:00:00
LOG-8073,CON-5073,1,41,2026-02-18 19:00:00
LOG-8074,CON-5074,1,3,2026-07-08 06:00:00
LOG-8075,CON-5075,Stage 4,18,2026-03-05 12:00:00
LOG-8076,CON-5076,Stage 2,0,2026-03-18 08:00:00
LOG-8077,CON-5077,Unknown,1,2026-01-08 20:00:00
LOG-8078,CON-5078,Stage 2,5,2026-04-05 14:00:00
LOG-8079,CON-5079,1,24,2026-05-23 05:00:00
LOG-8080,CON-5080,Stage 4,20,2026-01-28 08:00:00
LOG-8081,CON-5081,Stage 3,45,2026-06-05 14:00:00
LOG-8082,CON-5082,Stage 1,8,2026-03-24 00:00:00
LOG-8083,CON-5083,Stage 4,-999,2026-03-25 17:00:00
LOG-8084,CON-5084,1,20,2026-07-04 12:00:00
LOG-8085,CON-5085,Stage 3,-999,2026-04-22 20:00:00
LOG-8086,CON-5086,Unknown,20,2026-06-06 01:00:00
LOG-8087,CON-5087,Stage 1,36,2026-07-13 18:00:00
LOG-8088,CON-5088,Unknown,3,2026-07-05 22:00:00
LOG-8089,CON-5089,Stage 2,4,2026-01-18 04:00:00
LOG-8090,CON-5090,Stage 1,10,2026-07-02 07:00:00
LOG-8091,CON-5091,Stage 4,22,2026-03-28 02:00:00
LOG-8092,CON-5092,1,4,2026-05-07 12:00:00
LOG-8093,CON-5093,Stage 4,-999,2026-04-17 20:00:00
LOG-8094,CON-5094,Stage 4,35,2026-01-23 06:00:00
LOG-8095,CON-5095,Stage 1,16,2026-02-28 07:00:00
LOG-8096,CON-5096,Unknown,35,2026-01-07 01:00:00
LOG-8097,CON-5097,Stage 1,14,2026-05-03 01:00:00
LOG-8098,CON-5098,1,14,2026-02-09 04:00:00
LOG-8099,CON-5099,Unknown,24,2026-07-13 20:00:00
LOG-8100,CON-5100,Stage 4,32,2026-07-15 09:00:00
LOG-8101,CON-5101,Stage 4,-999,2026-07-02 22:00:00
LOG-8102,CON-5102,Stage 1,2,2026-02-21 18:00:00
LOG-8103,CON-5103,Stage 3,37,2026-05-06 00:00:00
LOG-8104,CON-5104,Stage 2,37,2026-04-05 16:00:00
LOG-8105,CON-5105,Unknown,9,2026-05-18 00:00:00
LOG-8106,CON-5106,Stage 3,18,2026-03-10 17:00:00
LOG-8107,CON-5107,Stage 3,10,2026-02-21 19:00:00
LOG-8108,CON-5108,Stage 1,20,2026-03-08 12:00:00
LOG-8109,CON-5109,1,28,2026-01-08 14:00:00
LOG-8110,CON-5110,Stage 2,42,2026-05-12 12:00:00
LOG-8111,CON-5111,Unknown,2,2026-04-10 03:00:00
LOG-8112,CON-5112,Unknown,13,2026-02-21 18:00:00
LOG-8113,CON-5113,1,44,2026-06-22 06:00:00
LOG-8114,CON-5114,Unknown,23,2026-04-29 01:00:00
LOG-8115,CON-5115,1,36,2026-03-06 06:00:00
LOG-8116,CON-5116,Stage 2,-999,2026-01-04 06:00:00
LOG-8117,CON-5117,Stage 4,13,2026-05-08 23:00:00
LOG-8118,CON-5118,Stage 2,29,2026-04-11 19:00:00
LOG-8119,CON-5119,Stage 3,30,2026-05-24 19:00:00
LOG-8120,CON-5120,1,42,2026-03-05 02:00:00
LOG-8121,CON-5121,Stage 1,0,2026-01-08 19:00:00
LOG-8122,CON-5122,Stage 4,17,2026-01-01 09:00:00
LOG-8123,CON-5123,Stage 1,36,2026-02-10 03:00:00
LOG-8124,CON-5124,Unknown,41,2026-02-18 13:00:00
LOG-8125,CON-5125,Unknown,4,2026-03-13 13:00:00
LOG-8126,CON-5126,Stage 1,-999,2026-07-17 01:00:00
LOG-8127,CON-5127,Stage 1,16,2026-04-27 06:00:00
LOG-8128,CON-5128,Stage 2,43,2026-01-08 15:00:00
LOG-8129,CON-5129,Stage 2,-999,2026-01-23 23:00:00
LOG-8130,CON-5130,Stage 3,37,2026-06-27 17:00:00
LOG-8131,CON-5131,Stage 1,44,2026-05-25 15:00:00
LOG-8132,CON-5132,Stage 4,9,2026-02-25 02:00:00
LOG-8133,CON-5133,Stage 4,1,2026-01-10 15:00:00
LOG-8134,CON-5134,1,26,2026-02-14 00:00:00
LOG-8135,CON-5135,Unknown,42,2026-01-17 08:00:00
LOG-8136,CON-5136,Stage 1,30,2026-02-21 08:00:00
LOG-8137,CON-5137,Stage 4,12,2026-03-02 22:00:00
LOG-8138,CON-5138,Stage 4,41,2026-01-12 18:00:00
LOG-8139,CON-5139,Unknown,44,2026-05-06 07:00:00
LOG-8140,CON-5140,Stage 1,3,2026-03-15 11:00:00
LOG-8141,CON-5141,Stage 2,29,2026-05-01 17:00:00
LOG-8142,CON-5142,1,23,2026-07-05 17:00:00
LOG-8143,CON-5143,Stage 2,40,2026-03-30 13:00:00
LOG-8144,CON-5144,Stage 3,23,2026-04-30 11:00:00
LOG-8145,CON-5145,Unknown,43,2026-07-12 15:00:00
LOG-8146,CON-5146,1,23,2026-04-21 02:00:00
LOG-8147,CON-5147,Unknown,8,2026-03-27 11:00:00
LOG-8148,CON-5148,Stage 1,34,2026-06-24 05:00:00
LOG-8149,CON-5149,Stage 3,40,2026-02-07 19:00:00
LOG-8150,CON-5150,Stage 2,10,2026-05-27 04:00:00
LOG-8151,CON-5151,Stage 1,25,2026-01-21 13:00:00
LOG-8152,CON-5152,Stage 1,34,2026-01-11 16:00:00
LOG-8153,CON-5153,Stage 2,16,2026-05-21 21:00:00
LOG-8154,CON-5154,Stage 4,43,2026-07-01 10:00:00
LOG-8155,CON-5155,1,23,2026-05-21 12:00:00
LOG-8156,CON-5156,Stage 3,25,2026-02-26 18:00:00
LOG-8157,CON-5157,Stage 2,44,2026-07-12 03:00:00
LOG-8158,CON-5158,Stage 2,29,2026-02-09 22:00:00
LOG-8159,CON-5159,Stage 2,32,2026-01-28 15:00:00
LOG-8160,CON-5160,Stage 4,44,2026-03-20 07:00:00
LOG-8161,CON-5161,Stage 1,13,2026-05-19 20:00:00
LOG-8162,CON-5162,Stage 1,12,2026-01-07 00:00:00
LOG-8163,CON-5163,Stage 1,13,2026-02-17 21:00:00
LOG-8164,CON-5164,Stage 4,-999,2026-04-26 03:00:00
LOG-8165,CON-5165,Unknown,42,2026-04-14 00:00:00
LOG-8166,CON-5166,Stage 2,21,2026-04-10 11:00:00
LOG-8167,CON-5167,Unknown,39,2026-05-31 15:00:00
LOG-8168,CON-5168,Stage 1,2,2026-06-23 15:00:00
LOG-8169,CON-5169,Unknown,22,2026-01-08 08:00:00
LOG-8170,CON-5170,Stage 1,24,2026-07-12 17:00:00
LOG-8171,CON-5171,Unknown,37,2026-06-08 11:00:00
LOG-8172,CON-5172,Stage 4,1,2026-04-08 01:00:00
LOG-8173,CON-5173,1,5,2026-05-02 08:00:00
LOG-8174,CON-5174,Unknown,-999,2026-03-04 23:00:00
LOG-8175,CON-5175,Unknown,6,2026-04-27 12:00:00
LOG-8176,CON-5176,Stage 3,38,2026-05-01 01:00:00
LOG-8177,CON-5177,1,45,2026-04-26 06:00:00
LOG-8178,CON-5178,1,0,2026-06-25 04:00:00
LOG-8179,CON-5179,Stage 1,1,2026-05-10 14:00:00
LOG-8180,CON-5180,1,29,2026-03-12 22:00:00
LOG-8181,CON-5181,Stage 1,34,2026-06-17 23:00:00
LOG-8182,CON-5182,Stage 4,7,2026-06-28 16:00:00
LOG-8183,CON-5183,Stage 1,28,2026-03-17 05:00:00
LOG-8184,CON-5184,Unknown,21,2026-04-20 03:00:00
LOG-8185,CON-5185,Stage 4,4,2026-02-20 15:00:00
LOG-8186,CON-5186,Unknown,24,2026-07-18 23:00:00
LOG-8187,CON-5187,Stage 2,24,2026-01-12 09:00:00
LOG-8188,CON-5188,Stage 2,43,2026-05-30 15:00:00
LOG-8189,CON-5189,Stage 2,44,2026-01-30 03:00:00
LOG-8190,CON-5190,Stage 4,38,2026-05-25 00:00:00
LOG-8191,CON-5191,Unknown,44,2026-04-21 00:00:00
LOG-8192,CON-5192,1,44,2026-04-05 20:00:00
LOG-8193,CON-5193,Stage 4,30,2026-01-09 08:00:00
LOG-8194,CON-5194,Stage 1,27,2026-01-18 02:00:00
LOG-8195,CON-5195,Stage 4,42,2026-04-02 15:00:00
LOG-8196,CON-5196,Stage 1,15,2026-02-05 03:00:00
LOG-8197,CON-5197,Stage 2,36,2026-02-17 21:00:00
LOG-8198,CON-5198,Stage 3,34,2026-04-06 17:00:00
LOG-8199,CON-5199,Stage 4,42,2026-02-17 18:00:00
LOG-8200,CON-5200,Stage 2,2,2026-03-01 06:00:00
LOG-8201,CON-5201,Stage 3,44,2026-04-11 00:00:00
LOG-8202,CON-5202,1,-999,2026-01-04 03:00:00
LOG-8203,CON-5203,Stage 3,37,2026-05-16 00:00:00
LOG-8204,CON-5204,Stage 4,8,2026-03-23 07:00:00
LOG-8205,CON-5205,Stage 4,12,2026-06-19 15:00:00
LOG-8206,CON-5206,1,6,2026-02-14 12:00:00
LOG-8207,CON-5207,Unknown,34,2026-01-19 04:00:00
LOG-8208,CON-5208,Stage 4,32,2026-02-07 02:00:00
LOG-8209,CON-5209,Stage 2,4,2026-05-25 05:00:00
LOG-8210,CON-5210,Stage 2,26,2026-06-10 11:00:00
LOG-8211,CON-5211,Stage 1,26,2026-01-16 13:00:00
LOG-8212,CON-5212,Unknown,25,2026-01-08 06:00:00
LOG-8213,CON-5213,1,23,2026-04-11 14:00:00
LOG-8214,CON-5214,Stage 4,14,2026-07-11 04:00:00
LOG-8215,CON-5215,Unknown,32,2026-04-15 20:00:00
LOG-8216,CON-5216,Stage 4,38,2026-05-14 09:00:00
LOG-8217,CON-5217,Stage 4,27,2026-06-03 00:00:00
LOG-8218,CON-5218,Stage 2,-999,2026-01-22 22:00:00
LOG-8219,CON-5219,Stage 4,2,2026-04-05 08:00:00
LOG-8220,CON-5220,1,41,2026-03-29 09:00:00
LOG-8221,CON-5221,Stage 4,19,2026-05-01 16:00:00
LOG-8222,CON-5222,1,44,2026-05-31 22:00:00
LOG-8223,CON-5223,1,38,2026-06-03 21:00:00
LOG-8224,CON-5224,Stage 4,21,2026-01-24 22:00:00
LOG-8225,CON-5225,Unknown,34,2026-05-13 19:00:00
LOG-8226,CON-5226,Stage 3,-999,2026-06-11 08:00:00
LOG-8227,CON-5227,Stage 3,38,2026-05-12 07:00:00
LOG-8228,CON-5228,Stage 2,20,2026-03-03 18:00:00
LOG-8229,CON-5229,1,19,2026-02-19 10:00:00
LOG-8230,CON-5230,Stage 4,17,2026-03-09 19:00:00
LOG-8231,CON-5231,Stage 2,12,2026-07-16 19:00:00
LOG-8232,CON-5232,Unknown,44,2026-03-17 06:00:00
LOG-8233,CON-5233,Stage 3,45,2026-05-19 17:00:00
LOG-8234,CON-5234,Stage 2,29,2026-05-29 16:00:00
LOG-8235,CON-5235,Stage 2,18,2026-06-13 07:00:00
LOG-8236,CON-5236,Unknown,40,2026-03-28 05:00:00
LOG-8237,CON-5237,Stage 4,23,2026-03-04 12:00:00
LOG-8238,CON-5238,Stage 3,36,2026-04-28 17:00:00
LOG-8239,CON-5239,Stage 1,38,2026-01-19 08:00:00
LOG-8240,CON-5240,Stage 1,35,2026-04-11 00:00:00
LOG-8241,CON-5241,1,16,2026-05-07 14:00:00
LOG-8242,CON-5242,Stage 4,17,2026-05-11 18:00:00
LOG-8243,CON-5243,Stage 4,3,2026-04-20 20:00:00
LOG-8244,CON-5244,Stage 3,30,2026-04-22 12:00:00
LOG-8245,CON-5245,Stage 1,11,2026-02-01 11:00:00
LOG-8246,CON-5246,Stage 1,-999,2026-01-18 08:00:00
LOG-8247,CON-5247,Unknown,17,2026-02-02 03:00:00
LOG-8248,CON-5248,1,13,2026-01-11 21:00:00
LOG-8249,CON-5249,1,-999,2026-01-29 10:00:00
LOG-8250,CON-5250,Stage 2,18,2026-04-21 07:00:00
LOG-8251,CON-5251,1,38,2026-05-27 08:00:00
LOG-8252,CON-5252,1,15,2026-02-08 00:00:00
LOG-8253,CON-5253,Stage 2,14,2026-02-13 12:00:00
LOG-8254,CON-5254,1,1,2026-02-11 02:00:00
LOG-8255,CON-5255,Stage 1,17,2026-05-05 03:00:00
LOG-8256,CON-5256,Stage 4,26,2026-02-26 07:00:00
LOG-8257,CON-5257,Stage 1,11,2026-02-26 08:00:00
LOG-8258,CON-5258,Stage 4,-999,2026-06-21 09:00:00
LOG-8259,CON-5259,Stage 2,38,2026-04-09 14:00:00
LOG-8260,CON-5260,Stage 4,5,2026-04-15 22:00:00
LOG-8261,CON-5261,Stage 1,24,2026-06-07 12:00:00
LOG-8262,CON-5262,Stage 4,17,2026-02-22 21:00:00
LOG-8263,CON-5263,Stage 1,33,2026-03-29 10:00:00
LOG-8264,CON-5264,1,39,2026-04-10 14:00:00
LOG-8265,CON-5265,1,9,2026-06-30 02:00:00
LOG-8266,CON-5266,Stage 4,43,2026-04-07 05:00:00
LOG-8267,CON-5267,Stage 3,20,2026-04-01 12:00:00
LOG-8268,CON-5268,1,18,2026-03-01 12:00:00
LOG-8269,CON-5269,Stage 2,1,2026-06-25 18:00:00
LOG-8270,CON-5270,Stage 1,4,2026-04-26 22:00:00
LOG-8271,CON-5271,Stage 1,22,2026-04-03 12:00:00
LOG-8272,CON-5272,Stage 4,28,2026-04-19 02:00:00
LOG-8273,CON-5273,Stage 3,14,2026-03-10 11:00:00
LOG-8274,CON-5274,Unknown,10,2026-02-26 18:00:00
LOG-8275,CON-5275,Stage 4,33,2026-02-20 01:00:00
LOG-8276,CON-5276,Stage 2,14,2026-01-24 22:00:00
LOG-8277,CON-5277,Stage 1,-999,2026-06-28 17:00:00
LOG-8278,CON-5278,Stage 2,33,2026-03-07 14:00:00
LOG-8279,CON-5279,Stage 2,27,2026-03-13 05:00:00
LOG-8280,CON-5280,Stage 2,10,2026-05-14 02:00:00
LOG-8281,CON-5281,Unknown,39,2026-01-14 18:00:00
LOG-8282,CON-5282,Stage 4,11,2026-03-15 17:00:00
LOG-8283,CON-5283,Stage 2,10,2026-03-02 00:00:00
LOG-8284,CON-5284,Stage 3,4,2026-01-18 03:00:00
LOG-8285,CON-5285,Stage 4,11,2026-05-17 03:00:00
LOG-8286,CON-5286,Stage 2,23,2026-07-05 05:00:00
LOG-8287,CON-5287,Stage 3,11,2026-03-04 00:00:00
LOG-8288,CON-5288,1,17,2026-05-12 00:00:00
LOG-8289,CON-5289,Stage 2,3,2026-04-11 04:00:00
LOG-8290,CON-5290,Stage 2,-999,2026-02-09 04:00:00
LOG-8291,CON-5291,Stage 4,23,2026-05-27 08:00:00
LOG-8292,CON-5292,Unknown,11,2026-07-01 03:00:00
LOG-8293,CON-5293,Stage 1,40,2026-06-05 01:00:00
LOG-8294,CON-5294,Stage 4,8,2026-01-01 09:00:00
LOG-8295,CON-5295,1,31,2026-06-23 12:00:00
LOG-8296,CON-5296,Unknown,25,2026-05-15 14:00:00
LOG-8297,CON-5297,Unknown,22,2026-06-05 18:00:00
LOG-8298,CON-5298,1,25,2026-07-12 08:00:00
LOG-8299,CON-5299,Stage 2,10,2026-05-09 15:00:00
LOG-8300,CON-5300,Stage 3,13,2026-01-19 19:00:00
LOG-8301,CON-5301,Stage 4,7,2026-06-04 13:00:00
LOG-8302,CON-5302,Stage 4,23,2026-01-07 10:00:00
LOG-8303,CON-5303,Unknown,1,2026-02-25 13:00:00
LOG-8304,CON-5304,Stage 2,28,2026-06-01 23:00:00
LOG-8305,CON-5305,Stage 2,19,2026-04-12 07:00:00
LOG-8306,CON-5306,Stage 3,-999,2026-02-28 14:00:00
LOG-8307,CON-5307,Stage 3,29,2026-07-02 14:00:00
LOG-8308,CON-5308,Stage 1,29,2026-02-03 13:00:00
LOG-8309,CON-5309,Stage 3,9,2026-06-13 03:00:00
LOG-8310,CON-5310,Unknown,22,2026-04-30 12:00:00
LOG-8311,CON-5311,Stage 3,4,2026-06-03 09:00:00
LOG-8312,CON-5312,Stage 4,35,2026-05-03 01:00:00
LOG-8313,CON-5313,Stage 3,-999,2026-03-26 06:00:00
LOG-8314,CON-5314,Stage 2,10,2026-01-03 03:00:00
LOG-8315,CON-5315,Stage 1,35,2026-03-11 01:00:00
LOG-8316,CON-5316,Stage 1,40,2026-05-14 11:00:00
LOG-8317,CON-5317,Stage 3,21,2026-06-06 14:00:00
LOG-8318,CON-5318,1,18,2026-04-05 01:00:00
LOG-8319,CON-5319,Stage 4,28,2026-07-14 15:00:00
LOG-8320,CON-5320,Unknown,2,2026-06-20 17:00:00
LOG-8321,CON-5321,Stage 4,32,2026-01-18 04:00:00
LOG-8322,CON-5322,Unknown,45,2026-04-23 23:00:00
LOG-8323,CON-5323,Stage 1,9,2026-02-06 06:00:00
LOG-8324,CON-5324,Stage 1,17,2026-04-11 07:00:00
LOG-8325,CON-5325,Stage 2,-999,2026-01-04 04:00:00
LOG-8326,CON-5326,Stage 4,12,2026-04-17 04:00:00
LOG-8327,CON-5327,Stage 1,16,2026-02-23 00:00:00
LOG-8328,CON-5328,Stage 4,2,2026-03-09 23:00:00
LOG-8329,CON-5329,Unknown,14,2026-04-30 05:00:00
LOG-8330,CON-5330,Stage 3,5,2026-06-21 14:00:00
LOG-8331,CON-5331,1,23,2026-05-01 08:00:00
LOG-8332,CON-5332,Stage 3,21,2026-06-11 21:00:00
LOG-8333,CON-5333,1,42,2026-06-24 22:00:00
LOG-8334,CON-5334,Stage 2,17,2026-06-02 07:00:00
LOG-8335,CON-5335,Stage 3,27,2026-05-04 08:00:00
LOG-8336,CON-5336,Stage 4,19,2026-05-08 23:00:00
LOG-8337,CON-5337,Stage 3,-999,2026-06-01 09:00:00
LOG-8338,CON-5338,Stage 2,9,2026-05-23 07:00:00
LOG-8339,CON-5339,Stage 1,15,2026-04-29 04:00:00
LOG-8340,CON-5340,Unknown,32,2026-04-03 13:00:00
LOG-8341,CON-5341,Stage 1,36,2026-03-26 09:00:00
LOG-8342,CON-5342,Stage 1,39,2026-05-04 21:00:00
LOG-8343,CON-5343,Stage 4,3,2026-04-22 12:00:00
LOG-8344,CON-5344,Stage 3,30,2026-01-08 10:00:00
LOG-8345,CON-5345,Stage 4,15,2026-05-05 15:00:00
LOG-8346,CON-5346,Stage 3,25,2026-04-21 07:00:00
LOG-8347,CON-5347,1,10,2026-03-28 05:00:00
LOG-8348,CON-5348,Stage 1,24,2026-01-22 03:00:00
LOG-8349,CON-5349,Stage 2,-999,2026-07-08 00:00:00
LOG-8350,CON-5350,Unknown,31,2026-01-24 22:00:00
LOG-8351,CON-5351,Stage 2,3,2026-01-01 15:00:00
LOG-8352,CON-5352,Unknown,-999,2026-03-16 11:00:00
LOG-8353,CON-5353,1,44,2026-04-02 21:00:00
LOG-8354,CON-5354,Stage 3,-999,2026-02-12 09:00:00
LOG-8355,CON-5355,Stage 1,-999,2026-05-30 02:00:00
LOG-8356,CON-5356,Stage 4,12,2026-02-13 12:00:00
LOG-8357,CON-5357,1,37,2026-03-16 19:00:00
LOG-8358,CON-5358,Stage 2,-999,2026-06-06 09:00:00
LOG-8359,CON-5359,Stage 2,-999,2026-06-05 08:00:00
LOG-8360,CON-5360,Stage 4,44,2026-05-12 03:00:00
LOG-8361,CON-5361,Stage 4,44,2026-03-14 01:00:00
LOG-8362,CON-5362,Stage 4,42,2026-02-11 22:00:00
LOG-8363,CON-5363,Stage 3,22,2026-05-11 09:00:00
LOG-8364,CON-5364,Stage 3,25,2026-04-18 07:00:00
LOG-8365,CON-5365,Stage 2,13,2026-03-03 14:00:00
LOG-8366,CON-5366,1,2,2026-01-21 01:00:00
LOG-8367,CON-5367,Stage 2,9,2026-01-28 14:00:00
LOG-8368,CON-5368,Unknown,4,2026-03-14 10:00:00
LOG-8369,CON-5369,Stage 4,15,2026-07-03 15:00:00
LOG-8370,CON-5370,1,41,2026-06-21 21:00:00
LOG-8371,CON-5371,Stage 4,19,2026-07-01 06:00:00
LOG-8372,CON-5372,Stage 2,23,2026-02-10 12:00:00
LOG-8373,CON-5373,Stage 4,3,2026-01-09 08:00:00
LOG-8374,CON-5374,Stage 4,31,2026-04-29 21:00:00
LOG-8375,CON-5375,Stage 3,20,2026-04-26 04:00:00
LOG-8376,CON-5376,Stage 3,45,2026-04-19 21:00:00
LOG-8377,CON-5377,Stage 1,36,2026-06-29 05:00:00
LOG-8378,CON-5378,Stage 1,10,2026-03-06 13:00:00
LOG-8379,CON-5379,Stage 2,21,2026-02-07 01:00:00
LOG-8380,CON-5380,Stage 2,38,2026-05-07 08:00:00
LOG-8381,CON-5381,Unknown,26,2026-01-10 00:00:00
LOG-8382,CON-5382,Stage 3,21,2026-06-07 11:00:00
LOG-8383,CON-5383,Stage 2,-999,2026-05-04 16:00:00
LOG-8384,CON-5384,Unknown,21,2026-06-24 21:00:00
LOG-8385,CON-5385,1,17,2026-05-16 12:00:00
LOG-8386,CON-5386,Stage 4,39,2026-06-06 06:00:00
LOG-8387,CON-5387,1,2,2026-04-27 23:00:00
LOG-8388,CON-5388,Stage 1,34,2026-07-13 14:00:00
LOG-8389,CON-5389,Unknown,1,2026-04-15 18:00:00
LOG-8390,CON-5390,Stage 4,4,2026-05-02 13:00:00
LOG-8391,CON-5391,Stage 3,38,2026-05-27 07:00:00
LOG-8392,CON-5392,Stage 3,14,2026-04-26 08:00:00
LOG-8393,CON-5393,1,2,2026-02-28 21:00:00
LOG-8394,CON-5394,Stage 2,16,2026-01-02 16:00:00
LOG-8395,CON-5395,Stage 4,-999,2026-04-26 07:00:00
LOG-8396,CON-5396,Stage 3,-999,2026-01-13 02:00:00
LOG-8397,CON-5397,1,34,2026-04-17 00:00:00
LOG-8398,CON-5398,Unknown,40,2026-03-20 19:00:00
LOG-8399,CON-5399,1,-999,2026-05-29 06:00:00
LOG-8400,CON-5400,Stage 2,18,2026-07-19 03:00:00
LOG-8401,CON-5401,Stage 3,24,2026-05-24 23:00:00
LOG-8402,CON-5402,Unknown,41,2026-02-21 00:00:00
LOG-8403,CON-5403,Stage 4,21,2026-06-15 07:00:00
LOG-8404,CON-5404,Unknown,-999,2026-02-03 23:00:00
LOG-8405,CON-5405,Stage 3,42,2026-03-16 21:00:00
LOG-8406,CON-5406,Stage 2,27,2026-02-22 23:00:00
LOG-8407,CON-5407,Unknown,18,2026-03-21 17:00:00
LOG-8408,CON-5408,Stage 1,4,2026-01-20 04:00:00
LOG-8409,CON-5409,Stage 3,0,2026-03-03 02:00:00
LOG-8410,CON-5410,Stage 3,7,2026-07-15 14:00:00
LOG-8411,CON-5411,Stage 1,34,2026-04-30 16:00:00
LOG-8412,CON-5412,Stage 3,39,2026-03-13 02:00:00
LOG-8413,CON-5413,Stage 2,22,2026-02-15 12:00:00
LOG-8414,CON-5414,1,16,2026-07-05 00:00:00
LOG-8415,CON-5415,Stage 2,5,2026-01-17 05:00:00
LOG-8416,CON-5416,Stage 2,33,2026-06-26 17:00:00
LOG-8417,CON-5417,Stage 3,40,2026-03-31 00:00:00
LOG-8418,CON-5418,Stage 4,27,2026-01-27 16:00:00
LOG-8419,CON-5419,Stage 4,12,2026-06-08 20:00:00
LOG-8420,CON-5420,Stage 2,44,2026-01-18 23:00:00
LOG-8421,CON-5421,Stage 4,31,2026-05-23 14:00:00
LOG-8422,CON-5422,Stage 1,23,2026-02-20 01:00:00
LOG-8423,CON-5423,Stage 1,0,2026-05-27 11:00:00
LOG-8424,CON-5424,Stage 4,23,2026-06-16 10:00:00
LOG-8425,CON-5425,Stage 1,0,2026-03-22 14:00:00
LOG-8426,CON-5426,1,6,2026-06-02 16:00:00
LOG-8427,CON-5427,Stage 4,37,2026-02-04 15:00:00
LOG-8428,CON-5428,Stage 1,35,2026-07-05 10:00:00
LOG-8429,CON-5429,Stage 2,2,2026-06-13 10:00:00
LOG-8430,CON-5430,Stage 1,27,2026-03-17 01:00:00
LOG-8431,CON-5431,Stage 2,-999,2026-03-18 21:00:00
LOG-8432,CON-5432,Stage 3,24,2026-02-09 08:00:00
LOG-8433,CON-5433,Stage 1,4,2026-05-16 11:00:00
LOG-8434,CON-5434,Stage 1,19,2026-04-15 00:00:00
LOG-8435,CON-5435,Stage 1,20,2026-02-17 22:00:00
LOG-8436,CON-5436,Stage 1,33,2026-06-04 19:00:00
LOG-8437,CON-5437,Stage 3,6,2026-03-09 10:00:00
LOG-8438,CON-5438,1,11,2026-05-28 06:00:00
LOG-8439,CON-5439,Stage 3,14,2026-01-13 08:00:00
LOG-8440,CON-5440,Stage 1,35,2026-07-13 17:00:00
LOG-8441,CON-5441,1,35,2026-05-28 22:00:00
LOG-8442,CON-5442,Stage 1,35,2026-06-18 09:00:00
LOG-8443,CON-5443,Stage 1,2,2026-03-21 13:00:00
LOG-8444,CON-5444,Stage 2,17,2026-07-09 01:00:00
LOG-8445,CON-5445,Stage 1,-999,2026-05-31 00:00:00
LOG-8446,CON-5446,Stage 4,2,2026-05-01 11:00:00
LOG-8447,CON-5447,1,16,2026-02-10 18:00:00
LOG-8448,CON-5448,Stage 2,15,2026-01-21 10:00:00
LOG-8449,CON-5449,Unknown,36,2026-06-29 03:00:00
LOG-8450,CON-5450,Unknown,30,2026-02-25 23:00:00
LOG-8451,CON-5451,Stage 4,43,2026-05-11 07:00:00
LOG-8452,CON-5452,1,-999,2026-05-14 08:00:00
LOG-8453,CON-5453,Stage 2,12,2026-05-07 17:00:00
LOG-8454,CON-5454,Unknown,-999,2026-02-24 19:00:00
LOG-8455,CON-5455,Stage 2,33,2026-03-16 11:00:00
LOG-8456,CON-5456,Stage 3,37,2026-04-16 18:00:00
LOG-8457,CON-5457,Stage 4,39,2026-02-01 22:00:00
LOG-8458,CON-5458,Stage 1,38,2026-05-08 00:00:00
LOG-8459,CON-5459,Unknown,12,2026-07-11 08:00:00
LOG-8460,CON-5460,Stage 1,11,2026-06-14 18:00:00
LOG-8461,CON-5461,Stage 1,15,2026-02-03 22:00:00
LOG-8462,CON-5462,Unknown,15,2026-07-10 01:00:00
LOG-8463,CON-5463,Stage 2,-999,2026-04-12 04:00:00
LOG-8464,CON-5464,Unknown,7,2026-05-28 00:00:00
LOG-8465,CON-5465,Stage 4,7,2026-06-28 00:00:00
LOG-8466,CON-5466,Stage 2,13,2026-04-25 04:00:00
LOG-8467,CON-5467,Stage 4,7,2026-04-05 10:00:00
LOG-8468,CON-5468,Stage 4,33,2026-06-24 08:00:00
LOG-8469,CON-5469,Stage 4,40,2026-02-07 06:00:00
LOG-8470,CON-5470,Stage 4,42,2026-06-19 07:00:00
LOG-8471,CON-5471,Stage 3,17,2026-04-22 01:00:00
LOG-8472,CON-5472,Stage 1,-999,2026-04-29 05:00:00
LOG-8473,CON-5473,1,3,2026-07-11 14:00:00
LOG-8474,CON-5474,Stage 2,26,2026-01-29 09:00:00
LOG-8475,CON-5475,Stage 4,11,2026-04-20 00:00:00
LOG-8476,CON-5476,Stage 4,33,2026-01-17 18:00:00
LOG-8477,CON-5477,Stage 2,41,2026-02-27 14:00:00
LOG-8478,CON-5478,Stage 3,17,2026-05-03 12:00:00
LOG-8479,CON-5479,Stage 1,14,2026-04-23 04:00:00
LOG-8480,CON-5480,Stage 2,41,2026-05-05 12:00:00
LOG-8481,CON-5481,Stage 2,35,2026-05-11 20:00:00
LOG-8482,CON-5482,Unknown,23,2026-05-14 08:00:00
LOG-8483,CON-5483,Stage 3,-999,2026-06-18 16:00:00
LOG-8484,CON-5484,Stage 1,1,2026-01-17 18:00:00
LOG-8485,CON-5485,Unknown,18,2026-03-06 07:00:00
LOG-8486,CON-5486,Stage 2,39,2026-05-28 16:00:00
LOG-8487,CON-5487,Stage 1,33,2026-01-01 04:00:00
LOG-8488,CON-5488,Stage 4,44,2026-07-17 17:00:00
LOG-8489,CON-5489,Stage 2,0,2026-05-04 06:00:00
LOG-8490,CON-5490,Stage 3,19,2026-07-04 13:00:00
LOG-8491,CON-5491,Unknown,17,2026-05-31 06:00:00
LOG-8492,CON-5492,Stage 3,38,2026-05-25 18:00:00
LOG-8493,CON-5493,Stage 2,-999,2026-05-01 19:00:00
LOG-8494,CON-5494,Stage 3,20,2026-01-12 10:00:00
LOG-8495,CON-5495,Stage 4,15,2026-05-17 10:00:00
LOG-8496,CON-5496,Stage 1,35,2026-01-05 22:00:00
LOG-8497,CON-5497,Stage 1,8,2026-03-01 13:00:00
LOG-8498,CON-5498,Stage 1,26,2026-05-17 23:00:00
LOG-8499,CON-5499,Stage 2,35,2026-04-23 22:00:00
LOG-8500,CON-5500,Stage 1,13,2026-02-25 11:00:00
LOG-8501,CON-5501,Stage 4,-999,2026-01-03 18:00:00
LOG-8502,CON-5502,Stage 4,17,2026-06-14 18:00:00
LOG-8503,CON-5503,1,5,2026-03-29 07:00:00
LOG-8504,CON-5504,Unknown,16,2026-06-03 17:00:00
LOG-8505,CON-5505,Unknown,15,2026-01-12 15:00:00
LOG-8506,CON-5506,Unknown,10,2026-06-18 22:00:00
LOG-8507,CON-5507,Stage 4,-999,2026-05-06 06:00:00
LOG-8508,CON-5508,1,6,2026-01-23 16:00:00
LOG-8509,CON-5509,Stage 4,36,2026-03-13 00:00:00
LOG-8510,CON-5510,1,22,2026-07-12 14:00:00
LOG-8511,CON-5511,Unknown,1,2026-07-09 03:00:00
LOG-8512,CON-5512,Stage 2,42,2026-03-12 06:00:00
LOG-8513,CON-5513,Unknown,14,2026-07-08 01:00:00
LOG-8514,CON-5514,Stage 3,13,2026-02-20 04:00:00
LOG-8515,CON-5515,1,42,2026-04-26 07:00:00
LOG-8516,CON-5516,Stage 2,7,2026-07-05 23:00:00
LOG-8517,CON-5517,Stage 2,19,2026-06-25 13:00:00
LOG-8518,CON-5518,Stage 1,10,2026-05-02 12:00:00
LOG-8519,CON-5519,Unknown,2,2026-05-17 05:00:00
LOG-8520,CON-5520,Stage 2,26,2026-01-28 02:00:00
LOG-8521,CON-5521,Stage 4,9,2026-04-17 03:00:00
LOG-8522,CON-5522,1,10,2026-03-10 22:00:00
LOG-8523,CON-5523,1,43,2026-05-16 18:00:00
LOG-8524,CON-5524,1,28,2026-02-10 19:00:00
LOG-8525,CON-5525,Stage 2,13,2026-04-25 13:00:00
LOG-8526,CON-5526,Stage 3,28,2026-03-13 10:00:00
LOG-8527,CON-5527,Stage 3,1,2026-02-20 12:00:00
LOG-8528,CON-5528,1,34,2026-04-30 02:00:00
LOG-8529,CON-5529,Stage 2,44,2026-02-02 01:00:00
LOG-8530,CON-5530,Stage 4,34,2026-01-29 17:00:00
LOG-8531,CON-5531,Unknown,41,2026-05-29 22:00:00
LOG-8532,CON-5532,1,3,2026-05-13 05:00:00
LOG-8533,CON-5533,1,8,2026-03-03 01:00:00
LOG-8534,CON-5534,1,34,2026-01-19 07:00:00
LOG-8535,CON-5535,Stage 1,21,2026-05-15 17:00:00
LOG-8536,CON-5536,Stage 2,21,2026-05-21 04:00:00
LOG-8537,CON-5537,Stage 2,-999,2026-05-06 06:00:00
LOG-8538,CON-5538,Stage 1,14,2026-06-28 20:00:00
LOG-8539,CON-5539,Stage 4,39,2026-04-24 02:00:00
LOG-8540,CON-5540,Stage 3,34,2026-01-21 23:00:00
LOG-8541,CON-5541,Stage 1,43,2026-03-12 10:00:00
LOG-8542,CON-5542,Unknown,-999,2026-01-03 00:00:00
LOG-8543,CON-5543,Stage 2,1,2026-01-22 10:00:00
LOG-8544,CON-5544,Stage 1,40,2026-05-30 02:00:00
LOG-8545,CON-5545,1,30,2026-01-26 14:00:00
LOG-8546,CON-5546,1,3,2026-06-11 23:00:00
LOG-8547,CON-5547,Stage 3,-999,2026-02-08 11:00:00
LOG-8548,CON-5548,Stage 3,7,2026-05-10 20:00:00
LOG-8549,CON-5549,1,16,2026-02-10 02:00:00
LOG-8550,CON-5550,1,38,2026-06-21 18:00:00
LOG-8551,CON-5551,Stage 2,31,2026-05-14 02:00:00
LOG-8552,CON-5552,Stage 1,18,2026-05-09 19:00:00
LOG-8553,CON-5553,Stage 4,30,2026-01-11 16:00:00
LOG-8554,CON-5554,Stage 1,2,2026-06-03 01:00:00
LOG-8555,CON-5555,Unknown,15,2026-04-07 11:00:00
LOG-8556,CON-5556,Stage 3,23,2026-07-05 16:00:00
LOG-8557,CON-5557,Stage 1,25,2026-04-07 18:00:00
LOG-8558,CON-5558,Stage 2,9,2026-03-10 16:00:00
LOG-8559,CON-5559,Stage 3,23,2026-06-19 01:00:00
LOG-8560,CON-5560,Stage 4,10,2026-07-20 18:00:00
LOG-8561,CON-5561,Unknown,35,2026-07-02 01:00:00
LOG-8562,CON-5562,Stage 4,26,2026-02-23 07:00:00
LOG-8563,CON-5563,1,39,2026-05-23 14:00:00
LOG-8564,CON-5564,Unknown,1,2026-07-17 19:00:00
LOG-8565,CON-5565,Stage 1,33,2026-02-17 04:00:00
LOG-8566,CON-5566,Stage 4,-999,2026-01-13 03:00:00
LOG-8567,CON-5567,1,33,2026-02-01 17:00:00
LOG-8568,CON-5568,Stage 3,16,2026-06-10 23:00:00
LOG-8569,CON-5569,Stage 4,41,2026-02-15 17:00:00
LOG-8570,CON-5570,Stage 4,15,2026-05-13 06:00:00
LOG-8571,CON-5571,Stage 1,12,2026-05-16 20:00:00
LOG-8572,CON-5572,Stage 1,15,2026-02-09 21:00:00
LOG-8573,CON-5573,Stage 3,25,2026-06-08 21:00:00
LOG-8574,CON-5574,Unknown,33,2026-05-27 20:00:00
LOG-8575,CON-5575,Stage 2,19,2026-04-15 09:00:00
LOG-8576,CON-5576,Stage 2,-999,2026-04-18 22:00:00
LOG-8577,CON-5577,Stage 1,33,2026-04-21 06:00:00
LOG-8578,CON-5578,Stage 1,16,2026-01-22 14:00:00
LOG-8579,CON-5579,Stage 2,18,2026-06-11 12:00:00
LOG-8580,CON-5580,Stage 1,23,2026-07-13 09:00:00
LOG-8581,CON-5581,Stage 3,14,2026-07-04 21:00:00
LOG-8582,CON-5582,Stage 2,43,2026-02-17 09:00:00
LOG-8583,CON-5583,Stage 4,1,2026-06-21 02:00:00
LOG-8584,CON-5584,1,26,2026-03-13 09:00:00
LOG-8585,CON-5585,Stage 2,33,2026-05-10 00:00:00
LOG-8586,CON-5586,Unknown,23,2026-03-03 17:00:00
LOG-8587,CON-5587,Unknown,11,2026-03-12 10:00:00
LOG-8588,CON-5588,Stage 1,29,2026-06-06 22:00:00
LOG-8589,CON-5589,Unknown,21,2026-01-10 09:00:00
LOG-8590,CON-5590,Stage 2,18,2026-03-03 06:00:00
LOG-8591,CON-5591,Stage 3,22,2026-02-19 16:00:00
LOG-8592,CON-5592,Unknown,45,2026-02-01 12:00:00
LOG-8593,CON-5593,Stage 1,9,2026-01-27 02:00:00
LOG-8594,CON-5594,Unknown,29,2026-05-15 14:00:00
LOG-8595,CON-5595,1,7,2026-05-20 01:00:00
LOG-8596,CON-5596,Unknown,15,2026-06-01 02:00:00
LOG-8597,CON-5597,Stage 4,31,2026-02-25 04:00:00
LOG-8598,CON-5598,Stage 1,14,2026-01-11 13:00:00
LOG-8599,CON-5599,1,5,2026-07-12 19:00:00
LOG-8600,CON-5600,Stage 4,20,2026-04-10 03:00:00
LOG-8601,CON-5601,Unknown,26,2026-07-19 17:00:00
LOG-8602,CON-5602,Stage 2,0,2026-01-03 05:00:00
LOG-8603,CON-5603,Stage 3,1,2026-05-31 03:00:00
LOG-8604,CON-5604,1,7,2026-05-21 04:00:00
LOG-8605,CON-5605,Stage 4,0,2026-03-04 22:00:00
LOG-8606,CON-5606,Stage 3,40,2026-06-29 15:00:00
LOG-8607,CON-5607,Stage 4,38,2026-01-31 23:00:00
LOG-8608,CON-5608,Stage 4,39,2026-06-24 06:00:00
LOG-8609,CON-5609,Stage 1,22,2026-02-04 01:00:00
LOG-8610,CON-5610,Unknown,4,2026-02-01 16:00:00
LOG-8611,CON-5611,Stage 3,18,2026-01-28 17:00:00
LOG-8612,CON-5612,Stage 3,25,2026-05-16 15:00:00
LOG-8613,CON-5613,Stage 2,37,2026-02-05 13:00:00
LOG-8614,CON-5614,1,10,2026-02-25 19:00:00
LOG-8615,CON-5615,Stage 3,4,2026-03-03 14:00:00
LOG-8616,CON-5616,Stage 3,26,2026-01-20 02:00:00
LOG-8617,CON-5617,Stage 3,44,2026-07-10 23:00:00
LOG-8618,CON-5618,Stage 1,34,2026-04-15 23:00:00
LOG-8619,CON-5619,Stage 2,40,2026-01-06 10:00:00
LOG-8620,CON-5620,Unknown,25,2026-04-20 13:00:00
LOG-8621,CON-5621,Stage 1,-999,2026-06-27 03:00:00
LOG-8622,CON-5622,Stage 1,27,2026-07-19 00:00:00
LOG-8623,CON-5623,Stage 3,3,2026-05-14 06:00:00
LOG-8624,CON-5624,Stage 4,38,2026-01-23 00:00:00
LOG-8625,CON-5625,Unknown,29,2026-01-19 10:00:00
LOG-8626,CON-5626,Stage 3,11,2026-07-16 06:00:00
LOG-8627,CON-5627,1,22,2026-01-14 13:00:00
LOG-8628,CON-5628,Stage 4,27,2026-05-27 03:00:00
LOG-8629,CON-5629,Unknown,31,2026-04-19 17:00:00
LOG-8630,CON-5630,Stage 3,39,2026-02-23 16:00:00
LOG-8631,CON-5631,Stage 3,2,2026-01-30 07:00:00
LOG-8632,CON-5632,Stage 2,0,2026-05-16 14:00:00
LOG-8633,CON-5633,1,15,2026-05-03 21:00:00
LOG-8634,CON-5634,Stage 1,33,2026-02-04 13:00:00
LOG-8635,CON-5635,Unknown,41,2026-04-06 19:00:00
LOG-8636,CON-5636,Stage 4,6,2026-06-20 11:00:00
LOG-8637,CON-5637,1,1,2026-06-05 01:00:00
LOG-8638,CON-5638,Stage 1,36,2026-05-29 22:00:00
LOG-8639,CON-5639,Stage 1,18,2026-05-27 05:00:00
LOG-8640,CON-5640,Stage 2,28,2026-03-07 18:00:00
LOG-8641,CON-5641,1,38,2026-06-30 18:00:00
LOG-8642,CON-5642,1,26,2026-07-16 19:00:00
LOG-8643,CON-5643,Unknown,42,2026-03-17 17:00:00
LOG-8644,CON-5644,Unknown,38,2026-07-10 23:00:00
LOG-8645,CON-5645,Stage 3,29,2026-01-23 16:00:00
LOG-8646,CON-5646,Unknown,23,2026-05-29 12:00:00
LOG-8647,CON-5647,1,15,2026-02-07 10:00:00
LOG-8648,CON-5648,Stage 3,1,2026-07-17 16:00:00
LOG-8649,CON-5649,Stage 1,12,2026-02-14 06:00:00
LOG-8650,CON-5650,Stage 4,14,2026-03-17 04:00:00
LOG-8651,CON-5651,1,35,2026-01-15 13:00:00
LOG-8652,CON-5652,Stage 4,35,2026-05-02 04:00:00
LOG-8653,CON-5653,Stage 1,29,2026-07-15 13:00:00
LOG-8654,CON-5654,Stage 3,11,2026-07-11 06:00:00
LOG-8655,CON-5655,Stage 2,14,2026-05-14 19:00:00
LOG-8656,CON-5656,Unknown,42,2026-06-04 11:00:00
LOG-8657,CON-5657,1,33,2026-02-05 21:00:00
LOG-8658,CON-5658,Stage 4,18,2026-01-01 11:00:00
LOG-8659,CON-5659,1,7,2026-02-06 22:00:00
LOG-8660,CON-5660,Stage 2,21,2026-01-08 17:00:00
LOG-8661,CON-5661,Stage 2,22,2026-05-20 21:00:00
LOG-8662,CON-5662,Stage 4,17,2026-01-24 17:00:00
LOG-8663,CON-5663,Stage 1,22,2026-04-15 20:00:00
LOG-8664,CON-5664,Stage 4,13,2026-01-04 17:00:00
LOG-8665,CON-5665,Stage 2,6,2026-06-22 21:00:00
LOG-8666,CON-5666,Stage 3,33,2026-03-22 18:00:00
LOG-8667,CON-5667,Stage 3,7,2026-03-06 06:00:00
LOG-8668,CON-5668,Stage 3,9,2026-03-03 18:00:00
LOG-8669,CON-5669,Stage 1,17,2026-06-10 01:00:00
LOG-8670,CON-5670,Stage 1,10,2026-05-03 07:00:00
LOG-8671,CON-5671,1,-999,2026-05-12 13:00:00
LOG-8672,CON-5672,Stage 1,24,2026-01-17 01:00:00
LOG-8673,CON-5673,Stage 1,24,2026-05-09 06:00:00
LOG-8674,CON-5674,Stage 3,-999,2026-02-19 19:00:00
LOG-8675,CON-5675,Stage 4,1,2026-01-13 02:00:00
LOG-8676,CON-5676,Stage 1,39,2026-06-15 08:00:00
LOG-8677,CON-5677,Stage 3,38,2026-01-19 23:00:00
LOG-8678,CON-5678,Unknown,-999,2026-04-15 05:00:00
LOG-8679,CON-5679,Stage 4,37,2026-04-24 20:00:00
LOG-8680,CON-5680,Stage 2,3,2026-07-06 11:00:00
LOG-8681,CON-5681,Stage 4,17,2026-01-05 15:00:00
LOG-8682,CON-5682,Stage 1,18,2026-04-11 05:00:00
LOG-8683,CON-5683,Stage 4,28,2026-02-05 23:00:00
LOG-8684,CON-5684,1,26,2026-06-21 04:00:00
LOG-8685,CON-5685,Unknown,1,2026-05-23 02:00:00
LOG-8686,CON-5686,Stage 1,40,2026-05-02 12:00:00
LOG-8687,CON-5687,Stage 1,36,2026-06-29 19:00:00
LOG-8688,CON-5688,1,16,2026-01-06 12:00:00
LOG-8689,CON-5689,Stage 2,16,2026-01-18 06:00:00
LOG-8690,CON-5690,Stage 3,14,2026-01-23 04:00:00
LOG-8691,CON-5691,Stage 4,10,2026-02-21 11:00:00
LOG-8692,CON-5692,Stage 1,34,2026-01-21 14:00:00
LOG-8693,CON-5693,Stage 1,10,2026-06-23 03:00:00
LOG-8694,CON-5694,Stage 2,0,2026-04-08 03:00:00
LOG-8695,CON-5695,Stage 3,15,2026-05-12 21:00:00
LOG-8696,CON-5696,Stage 3,31,2026-05-20 18:00:00
LOG-8697,CON-5697,Stage 1,12,2026-02-25 14:00:00
LOG-8698,CON-5698,Stage 3,34,2026-03-17 09:00:00
LOG-8699,CON-5699,Stage 1,10,2026-05-29 10:00:00
LOG-8700,CON-5700,Stage 1,25,2026-03-17 16:00:00
LOG-8701,CON-5701,Stage 3,6,2026-04-21 08:00:00
LOG-8702,CON-5702,Unknown,15,2026-04-26 06:00:00
LOG-8703,CON-5703,1,6,2026-04-12 15:00:00
LOG-8704,CON-5704,Stage 4,9,2026-04-29 23:00:00
LOG-8705,CON-5705,Stage 1,10,2026-02-17 02:00:00
LOG-8706,CON-5706,1,40,2026-01-24 15:00:00
LOG-8707,CON-5707,Stage 2,11,2026-01-27 20:00:00
LOG-8708,CON-5708,1,26,2026-02-13 18:00:00
LOG-8709,CON-5709,Unknown,31,2026-07-20 23:00:00
LOG-8710,CON-5710,Stage 2,14,2026-07-14 13:00:00
LOG-8711,CON-5711,1,34,2026-03-04 03:00:00
LOG-8712,CON-5712,Stage 1,43,2026-03-23 13:00:00
LOG-8713,CON-5713,Unknown,36,2026-07-12 14:00:00
LOG-8714,CON-5714,1,-999,2026-06-29 18:00:00
LOG-8715,CON-5715,Stage 1,27,2026-04-14 21:00:00
LOG-8716,CON-5716,Stage 4,44,2026-01-16 12:00:00
LOG-8717,CON-5717,Stage 1,25,2026-05-13 04:00:00
LOG-8718,CON-5718,Stage 2,0,2026-04-07 17:00:00
LOG-8719,CON-5719,Stage 2,-999,2026-02-13 05:00:00
LOG-8720,CON-5720,Stage 1,20,2026-06-22 05:00:00
LOG-8721,CON-5721,Stage 1,43,2026-06-18 11:00:00
LOG-8722,CON-5722,Unknown,34,2026-04-25 03:00:00
LOG-8723,CON-5723,Stage 1,36,2026-02-08 23:00:00
LOG-8724,CON-5724,Stage 2,11,2026-01-19 18:00:00
LOG-8725,CON-5725,Stage 1,25,2026-04-27 19:00:00
LOG-8726,CON-5726,Stage 3,34,2026-07-17 21:00:00
LOG-8727,CON-5727,Stage 3,39,2026-06-05 17:00:00
LOG-8728,CON-5728,Stage 1,1,2026-02-10 04:00:00
LOG-8729,CON-5729,Unknown,2,2026-06-04 22:00:00
LOG-8730,CON-5730,1,34,2026-04-21 23:00:00
LOG-8731,CON-5731,Unknown,16,2026-05-10 09:00:00
LOG-8732,CON-5732,1,38,2026-03-28 23:00:00
LOG-8733,CON-5733,Stage 1,40,2026-01-17 20:00:00
LOG-8734,CON-5734,1,28,2026-06-10 17:00:00
LOG-8735,CON-5735,Stage 4,2,2026-06-27 20:00:00
LOG-8736,CON-5736,1,-999,2026-02-15 07:00:00
LOG-8737,CON-5737,1,24,2026-05-03 06:00:00
LOG-8738,CON-5738,1,42,2026-02-17 00:00:00
LOG-8739,CON-5739,1,24,2026-07-19 02:00:00
LOG-8740,CON-5740,Stage 4,-999,2026-06-10 21:00:00
LOG-8741,CON-5741,1,34,2026-05-07 12:00:00
LOG-8742,CON-5742,1,39,2026-05-28 13:00:00
LOG-8743,CON-5743,1,9,2026-02-03 10:00:00
LOG-8744,CON-5744,Unknown,31,2026-07-11 01:00:00
LOG-8745,CON-5745,Stage 4,43,2026-05-15 00:00:00
LOG-8746,CON-5746,Stage 3,43,2026-06-10 07:00:00
LOG-8747,CON-5747,Unknown,-999,2026-03-10 00:00:00
LOG-8748,CON-5748,Stage 4,23,2026-07-13 12:00:00
LOG-8749,CON-5749,1,21,2026-06-25 14:00:00
LOG-8750,CON-5750,Stage 2,-999,2026-06-22 03:00:00
LOG-8751,CON-5751,Stage 3,34,2026-02-15 23:00:00
LOG-8752,CON-5752,1,17,2026-03-06 05:00:00
LOG-8753,CON-5753,Stage 2,37,2026-04-11 06:00:00
LOG-8754,CON-5754,Unknown,39,2026-03-17 05:00:00
LOG-8755,CON-5755,Unknown,8,2026-06-24 17:00:00
LOG-8756,CON-5756,Stage 2,17,2026-04-11 07:00:00
LOG-8757,CON-5757,Stage 4,36,2026-01-27 10:00:00
LOG-8758,CON-5758,Stage 3,5,2026-06-25 21:00:00
LOG-8759,CON-5759,Stage 2,21,2026-07-04 15:00:00
LOG-8760,CON-5760,1,21,2026-04-10 05:00:00
LOG-8761,CON-5761,Stage 2,37,2026-02-26 22:00:00
LOG-8762,CON-5762,Stage 3,38,2026-07-20 21:00:00
LOG-8763,CON-5763,Unknown,32,2026-01-28 17:00:00
LOG-8764,CON-5764,Stage 4,23,2026-01-07 20:00:00
LOG-8765,CON-5765,Stage 1,24,2026-05-24 10:00:00
LOG-8766,CON-5766,Stage 3,31,2026-07-17 21:00:00
LOG-8767,CON-5767,Stage 3,14,2026-01-02 06:00:00
LOG-8768,CON-5768,1,7,2026-06-22 16:00:00
LOG-8769,CON-5769,1,-999,2026-01-29 15:00:00
LOG-8770,CON-5770,Unknown,3,2026-02-20 16:00:00
LOG-8771,CON-5771,Stage 1,15,2026-03-10 01:00:00
LOG-8772,CON-5772,Stage 1,13,2026-04-11 09:00:00
LOG-8773,CON-5773,Stage 3,29,2026-01-28 10:00:00
LOG-8774,CON-5774,Stage 3,13,2026-07-06 05:00:00
LOG-8775,CON-5775,Unknown,13,2026-04-18 15:00:00
LOG-8776,CON-5776,Stage 4,33,2026-01-25 07:00:00
LOG-8777,CON-5777,1,20,2026-01-12 00:00:00
LOG-8778,CON-5778,Stage 1,9,2026-06-28 20:00:00
LOG-8779,CON-5779,Stage 2,5,2026-01-10 11:00:00
LOG-8780,CON-5780,Unknown,39,2026-05-16 03:00:00
LOG-8781,CON-5781,1,30,2026-05-24 01:00:00
LOG-8782,CON-5782,Stage 1,8,2026-07-13 15:00:00
LOG-8783,CON-5783,1,8,2026-03-02 16:00:00
LOG-8784,CON-5784,Stage 2,22,2026-04-13 05:00:00
LOG-8785,CON-5785,Stage 4,35,2026-07-18 13:00:00
LOG-8786,CON-5786,1,-999,2026-03-25 18:00:00
LOG-8787,CON-5787,Stage 3,28,2026-05-18 14:00:00
LOG-8788,CON-5788,Unknown,10,2026-02-05 15:00:00
LOG-8789,CON-5789,Stage 3,21,2026-07-09 21:00:00
LOG-8790,CON-5790,Stage 4,21,2026-07-07 18:00:00
LOG-8791,CON-5791,Stage 3,20,2026-07-02 19:00:00
LOG-8792,CON-5792,Stage 1,8,2026-03-19 19:00:00
LOG-8793,CON-5793,Stage 1,44,2026-04-20 10:00:00
LOG-8794,CON-5794,Stage 2,0,2026-01-11 01:00:00
LOG-8795,CON-5795,1,23,2026-06-13 07:00:00
LOG-8796,CON-5796,Stage 2,14,2026-01-19 07:00:00
LOG-8797,CON-5797,Stage 1,7,2026-03-25 10:00:00
LOG-8798,CON-5798,Stage 1,20,2026-03-29 15:00:00
LOG-8799,CON-5799,1,40,2026-06-12 13:00:00
LOG-8800,CON-5800,Stage 3,43,2026-01-26 09:00:00
LOG-8801,CON-5801,Stage 4,33,2026-05-15 19:00:00
LOG-8802,CON-5802,Stage 2,39,2026-07-03 15:00:00
LOG-8803,CON-5803,Stage 4,44,2026-02-26 13:00:00
LOG-8804,CON-5804,Unknown,28,2026-07-04 09:00:00
LOG-8805,CON-5805,1,0,2026-02-03 11:00:00
LOG-8806,CON-5806,Stage 3,45,2026-02-12 11:00:00
LOG-8807,CON-5807,Stage 2,4,2026-05-15 06:00:00
LOG-8808,CON-5808,Stage 2,6,2026-07-08 04:00:00
LOG-8809,CON-5809,Stage 2,8,2026-02-21 19:00:00
LOG-8810,CON-5810,Stage 3,41,2026-01-02 20:00:00
LOG-8811,CON-5811,Stage 1,3,2026-04-07 23:00:00
LOG-8812,CON-5812,Stage 3,33,2026-03-04 13:00:00
LOG-8813,CON-5813,Stage 4,13,2026-07-03 17:00:00
LOG-8814,CON-5814,Stage 4,34,2026-02-12 15:00:00
LOG-8815,CON-5815,Stage 2,5,2026-06-20 14:00:00
LOG-8816,CON-5816,Stage 3,22,2026-05-03 14:00:00
LOG-8817,CON-5817,Stage 3,23,2026-05-24 20:00:00
LOG-8818,CON-5818,Stage 1,24,2026-02-09 18:00:00
LOG-8819,CON-5819,Unknown,39,2026-01-24 16:00:00
LOG-8820,CON-5820,Stage 2,24,2026-06-18 17:00:00
LOG-8821,CON-5821,Stage 2,25,2026-01-14 17:00:00
LOG-8822,CON-5822,Stage 2,7,2026-06-15 15:00:00
LOG-8823,CON-5823,Stage 2,-999,2026-06-25 06:00:00
LOG-8824,CON-5824,1,45,2026-07-06 06:00:00
LOG-8825,CON-5825,Stage 2,11,2026-01-08 10:00:00
LOG-8826,CON-5826,Stage 2,36,2026-05-26 19:00:00
LOG-8827,CON-5827,Stage 4,10,2026-01-26 23:00:00
LOG-8828,CON-5828,Unknown,42,2026-05-30 02:00:00
LOG-8829,CON-5829,Stage 2,35,2026-05-21 04:00:00
LOG-8830,CON-5830,Unknown,20,2026-06-17 11:00:00
LOG-8831,CON-5831,Stage 3,36,2026-05-19 06:00:00
LOG-8832,CON-5832,Stage 1,19,2026-03-10 13:00:00
LOG-8833,CON-5833,Unknown,41,2026-04-29 23:00:00
LOG-8834,CON-5834,Stage 3,14,2026-02-11 12:00:00
LOG-8835,CON-5835,Stage 3,1,2026-05-27 10:00:00
LOG-8836,CON-5836,1,36,2026-07-18 15:00:00
LOG-8837,CON-5837,1,7,2026-02-16 14:00:00
LOG-8838,CON-5838,Stage 2,37,2026-04-23 00:00:00
LOG-8839,CON-5839,Stage 1,28,2026-01-18 05:00:00
LOG-8840,CON-5840,1,42,2026-06-02 14:00:00
LOG-8841,CON-5841,Unknown,7,2026-02-24 15:00:00
LOG-8842,CON-5842,1,20,2026-02-05 18:00:00
LOG-8843,CON-5843,Stage 2,33,2026-03-04 04:00:00
LOG-8844,CON-5844,Stage 2,-999,2026-06-22 03:00:00
LOG-8845,CON-5845,Stage 1,25,2026-07-06 23:00:00
LOG-8846,CON-5846,Stage 3,11,2026-01-10 01:00:00
LOG-8847,CON-5847,Stage 4,31,2026-06-05 21:00:00
LOG-8848,CON-5848,Stage 3,32,2026-05-26 14:00:00
LOG-8849,CON-5849,Unknown,44,2026-07-09 23:00:00
LOG-8850,CON-5850,Stage 2,42,2026-05-12 11:00:00
LOG-8851,CON-5851,Stage 1,34,2026-04-11 01:00:00
LOG-8852,CON-5852,Stage 4,17,2026-03-19 07:00:00
LOG-8853,CON-5853,Stage 1,36,2026-05-27 10:00:00
LOG-8854,CON-5854,Unknown,22,2026-02-11 06:00:00
LOG-8855,CON-5855,Unknown,5,2026-01-06 04:00:00
LOG-8856,CON-5856,Unknown,37,2026-07-11 11:00:00
LOG-8857,CON-5857,Stage 4,-999,2026-03-19 06:00:00
LOG-8858,CON-5858,1,32,2026-02-19 01:00:00
LOG-8859,CON-5859,Stage 4,0,2026-05-28 13:00:00
LOG-8860,CON-5860,Stage 4,-999,2026-06-25 18:00:00
LOG-8861,CON-5861,Stage 4,-999,2026-01-30 04:00:00
LOG-8862,CON-5862,Stage 2,-999,2026-02-08 23:00:00
LOG-8863,CON-5863,Unknown,10,2026-01-31 21:00:00
LOG-8864,CON-5864,Stage 2,26,2026-04-30 21:00:00
LOG-8865,CON-5865,Unknown,-999,2026-06-05 23:00:00
LOG-8866,CON-5866,Stage 4,-999,2026-01-29 12:00:00
LOG-8867,CON-5867,1,11,2026-01-11 03:00:00
LOG-8868,CON-5868,Stage 3,28,2026-02-04 23:00:00
LOG-8869,CON-5869,Stage 2,33,2026-07-14 14:00:00
LOG-8870,CON-5870,Stage 2,39,2026-07-11 23:00:00
LOG-8871,CON-5871,Stage 4,-999,2026-05-27 06:00:00
LOG-8872,CON-5872,Unknown,13,2026-05-18 00:00:00
LOG-8873,CON-5873,1,41,2026-06-20 09:00:00
LOG-8874,CON-5874,Stage 1,18,2026-02-15 03:00:00
LOG-8875,CON-5875,Unknown,35,2026-06-24 12:00:00
LOG-8876,CON-5876,Unknown,21,2026-01-03 18:00:00
LOG-8877,CON-5877,Stage 3,8,2026-02-08 19:00:00
LOG-8878,CON-5878,Unknown,1,2026-06-01 06:00:00
LOG-8879,CON-5879,Stage 1,22,2026-07-04 12:00:00
LOG-8880,CON-5880,Unknown,41,2026-01-01 06:00:00
LOG-8881,CON-5881,Unknown,38,2026-03-30 04:00:00
LOG-8882,CON-5882,Stage 2,1,2026-07-18 03:00:00
LOG-8883,CON-5883,Stage 2,7,2026-02-06 08:00:00
LOG-8884,CON-5884,1,22,2026-05-21 10:00:00
LOG-8885,CON-5885,Stage 2,19,2026-07-15 04:00:00
LOG-8886,CON-5886,Stage 2,16,2026-01-20 23:00:00
LOG-8887,CON-5887,Stage 4,-999,2026-05-04 01:00:00
LOG-8888,CON-5888,Stage 2,39,2026-02-11 15:00:00
LOG-8889,CON-5889,1,17,2026-01-16 05:00:00
LOG-8890,CON-5890,Stage 1,28,2026-07-04 23:00:00
LOG-8891,CON-5891,Stage 2,37,2026-01-06 13:00:00
LOG-8892,CON-5892,Stage 1,18,2026-05-16 20:00:00
LOG-8893,CON-5893,Unknown,16,2026-02-10 21:00:00
LOG-8894,CON-5894,Stage 3,14,2026-06-29 22:00:00
LOG-8895,CON-5895,Stage 1,-999,2026-01-16 03:00:00
LOG-8896,CON-5896,Unknown,25,2026-05-08 18:00:00
LOG-8897,CON-5897,Stage 1,27,2026-03-20 19:00:00
LOG-8898,CON-5898,Stage 3,37,2026-06-23 11:00:00
LOG-8899,CON-5899,Stage 4,11,2026-03-05 08:00:00
LOG-8900,CON-5900,Stage 4,8,2026-03-06 14:00:00
LOG-8901,CON-5901,Stage 1,-999,2026-01-12 17:00:00
LOG-8902,CON-5902,Stage 2,32,2026-02-01 01:00:00
LOG-8903,CON-5903,1,-999,2026-07-08 13:00:00
LOG-8904,CON-5904,Stage 1,28,2026-04-13 08:00:00
LOG-8905,CON-5905,1,27,2026-05-13 01:00:00
LOG-8906,CON-5906,Unknown,-999,2026-01-25 23:00:00
LOG-8907,CON-5907,Stage 1,6,2026-02-07 18:00:00
LOG-8908,CON-5908,Stage 1,6,2026-03-29 22:00:00
LOG-8909,CON-5909,Stage 4,12,2026-05-11 01:00:00
LOG-8910,CON-5910,Unknown,15,2026-01-14 14:00:00
LOG-8911,CON-5911,Stage 3,5,2026-01-13 09:00:00
LOG-8912,CON-5912,Stage 2,17,2026-05-06 09:00:00
LOG-8913,CON-5913,Stage 2,11,2026-01-30 22:00:00
LOG-8914,CON-5914,Stage 2,-999,2026-05-25 13:00:00
LOG-8915,CON-5915,Stage 4,33,2026-06-23 11:00:00
LOG-8916,CON-5916,Stage 4,27,2026-06-02 08:00:00
LOG-8917,CON-5917,Stage 1,-999,2026-01-31 17:00:00
LOG-8918,CON-5918,1,42,2026-07-18 06:00:00
LOG-8919,CON-5919,Stage 4,28,2026-03-07 13:00:00
LOG-8920,CON-5920,1,9,2026-01-21 11:00:00
LOG-8921,CON-5921,Unknown,-999,2026-03-03 04:00:00
LOG-8922,CON-5922,Stage 3,1,2026-01-09 01:00:00
LOG-8923,CON-5923,Stage 3,27,2026-01-26 09:00:00
LOG-8924,CON-5924,Stage 1,1,2026-07-13 02:00:00
LOG-8925,CON-5925,Unknown,-999,2026-05-31 15:00:00
LOG-8926,CON-5926,Unknown,16,2026-01-10 00:00:00
LOG-8927,CON-5927,1,37,2026-03-02 17:00:00
LOG-8928,CON-5928,Unknown,-999,2026-07-03 18:00:00
LOG-8929,CON-5929,1,40,2026-06-28 08:00:00
LOG-8930,CON-5930,Unknown,-999,2026-03-05 21:00:00
LOG-8931,CON-5931,Stage 1,-999,2026-07-20 05:00:00
LOG-8932,CON-5932,1,38,2026-05-09 01:00:00
LOG-8933,CON-5933,1,38,2026-05-08 12:00:00
LOG-8934,CON-5934,Unknown,31,2026-06-13 07:00:00
LOG-8935,CON-5935,Stage 4,-999,2026-04-29 18:00:00
LOG-8936,CON-5936,1,26,2026-04-08 19:00:00
LOG-8937,CON-5937,Stage 1,6,2026-04-16 12:00:00
LOG-8938,CON-5938,Stage 4,31,2026-03-15 01:00:00
LOG-8939,CON-5939,Stage 2,17,2026-03-05 07:00:00
LOG-8940,CON-5940,Unknown,27,2026-02-16 06:00:00
LOG-8941,CON-5941,1,32,2026-06-21 18:00:00
LOG-8942,CON-5942,Stage 4,36,2026-01-30 19:00:00
LOG-8943,CON-5943,Stage 2,4,2026-07-02 08:00:00
LOG-8944,CON-5944,Stage 2,42,2026-02-05 00:00:00
LOG-8945,CON-5945,Stage 2,32,2026-04-28 17:00:00
LOG-8946,CON-5946,Unknown,26,2026-01-15 05:00:00
LOG-8947,CON-5947,Unknown,1,2026-06-11 21:00:00
LOG-8948,CON-5948,Stage 3,34,2026-01-22 07:00:00
LOG-8949,CON-5949,1,39,2026-05-27 16:00:00
LOG-8950,CON-5950,Stage 1,37,2026-04-25 04:00:00
LOG-8951,CON-5951,Unknown,-999,2026-04-24 00:00:00
LOG-8952,CON-5952,Stage 3,32,2026-06-10 18:00:00
LOG-8953,CON-5953,1,32,2026-01-08 02:00:00
LOG-8954,CON-5954,Stage 2,16,2026-03-19 17:00:00
LOG-8955,CON-5955,1,7,2026-04-26 11:00:00
LOG-8956,CON-5956,1,14,2026-05-27 14:00:00
LOG-8957,CON-5957,Stage 1,0,2026-05-19 05:00:00
LOG-8958,CON-5958,Stage 4,16,2026-05-19 01:00:00
LOG-8959,CON-5959,Stage 2,30,2026-06-20 02:00:00
LOG-8960,CON-5960,Stage 3,24,2026-05-25 02:00:00
LOG-8961,CON-5961,Unknown,5,2026-07-15 20:00:00
LOG-8962,CON-5962,Stage 4,-999,2026-02-10 16:00:00
LOG-8963,CON-5963,1,37,2026-03-11 05:00:00
LOG-8964,CON-5964,Stage 4,35,2026-05-10 04:00:00
LOG-8965,CON-5965,Stage 4,25,2026-05-29 21:00:00
LOG-8966,CON-5966,1,3,2026-03-10 01:00:00
LOG-8967,CON-5967,Stage 1,45,2026-01-31 08:00:00
LOG-8968,CON-5968,Stage 4,27,2026-01-29 11:00:00
LOG-8969,CON-5969,Stage 2,-999,2026-05-22 20:00:00
LOG-8970,CON-5970,1,18,2026-06-22 22:00:00
LOG-8971,CON-5971,Stage 3,21,2026-07-05 12:00:00
LOG-8972,CON-5972,Unknown,29,2026-05-29 21:00:00
LOG-8973,CON-5973,Stage 1,11,2026-03-16 20:00:00
LOG-8974,CON-5974,Stage 3,26,2026-06-29 20:00:00
LOG-8975,CON-5975,Stage 2,24,2026-04-09 17:00:00
LOG-8976,CON-5976,Stage 3,39,2026-04-20 00:00:00
LOG-8977,CON-5977,Stage 4,19,2026-02-08 02:00:00
LOG-8978,CON-5978,Stage 1,-999,2026-05-24 10:00:00
LOG-8979,CON-5979,Stage 2,10,2026-04-02 18:00:00
LOG-8980,CON-5980,1,26,2026-03-12 17:00:00
LOG-8981,CON-5981,Stage 3,32,2026-05-27 07:00:00
LOG-8982,CON-5982,Stage 2,34,2026-06-28 16:00:00
LOG-8983,CON-5983,Stage 4,27,2026-02-05 08:00:00
LOG-8984,CON-5984,1,33,2026-04-24 19:00:00
LOG-8985,CON-5985,Stage 1,-999,2026-01-06 19:00:00
LOG-8986,CON-5986,Stage 1,-999,2026-01-19 06:00:00
LOG-8987,CON-5987,1,15,2026-04-02 21:00:00
LOG-8988,CON-5988,Stage 4,10,2026-02-22 22:00:00
LOG-8989,CON-5989,Stage 4,13,2026-05-02 23:00:00
LOG-8990,CON-5990,Stage 1,21,2026-02-17 07:00:00
LOG-8991,CON-5991,Stage 1,20,2026-05-23 16:00:00
LOG-8992,CON-5992,Stage 3,44,2026-01-06 05:00:00
LOG-8993,CON-5993,Stage 4,17,2026-07-12 09:00:00
LOG-8994,CON-5994,Stage 4,7,2026-06-07 03:00:00
LOG-8995,CON-5995,Stage 3,2,2026-02-19 22:00:00
LOG-8996,CON-5996,Stage 1,36,2026-04-17 12:00:00
LOG-8997,CON-5997,1,30,2026-07-11 02:00:00
LOG-8998,CON-5998,1,16,2026-06-02 17:00:00
LOG-8999,CON-5999,1,40,2026-01-11 17:00:00
